[{"name":"theme_info","theme_name":"Maxdino","theme_author":"Webiarch","theme_version":"4.1.1","theme_documentation_url":"https:\/\/help.shopify.com\/manual\/using-themes\/themes-by-shopify\/venture","theme_support_url":"https:\/\/support.shopify.com\/"},{"name":"Logo","settings":[{"type":"checkbox","id":"logo_use_image","label":"Use a custom logo"},{"type":"image","id":"logo.png","label":"Custom logo"},{"type":"text","id":"logo_max_height","label":"Custom logo height (in pixels)","default":"52"},{"type":"text","id":"logo_max_width","label":"Custom logo width (in pixels)","default":"174"}]},{"name":"Favicon","settings":[{"type":"checkbox","id":"favicon_enable","label":"Use custom icon"},{"type":"image","id":"favicon.png","max-width":16,"max-height":16,"label":"Custom icon","info":"16 x 16px .png required"}]},{"name":"Typography","settings":[{"type":"header","content":"Font options"},{"type":"select","id":"base_font","label":"Body text font","options":[{"value":"IBM+Plex+Sans","label":"IBM Plex Sans","group":"Google Web Fonts"},{"value":"Google+Poppins","label":"Poppins","group":"Google Web Fonts"},{"value":"Google+Arvo","label":"Arvo","group":"Google Web Fonts"},{"value":"Google+Asap","label":"Asap","group":"Google Web Fonts"},{"value":"Google+Cabin","label":"Cabin","group":"Google Web Fonts"},{"value":"Google+Copse","label":"Copse","group":"Google Web Fonts"},{"value":"Google+Droid+Sans","label":"Droid Sans","group":"Google Web Fonts"},{"value":"Google+Droid+Serif","label":"Droid Serif","group":"Google Web Fonts"},{"value":"Google+Gentium+Book+Basic","label":"Gentium Book Basic","group":"Google Web Fonts"},{"value":"Google+Josefin+Slab","label":"Josefin Slab","group":"Google Web Fonts"},{"value":"Google+Josefin+Sans","label":"Josefin Sans","group":"Google Web Fonts"},{"value":"Google+Kreon","label":"Kreon","group":"Google Web Fonts"},{"value":"Google+Lato","label":"Lato","group":"Google Web Fonts"},{"value":"Google+Montserrat","label":"Montserrat","group":"Google Web Fonts"},{"value":"Google+Merriweather","label":"Merriweather","group":"Google Web Fonts"},{"value":"Google+Old+Standard+TT","label":"Old Standard TT","group":"Google Web Fonts"},{"value":"Google+Open+Sans","label":"Open Sans","group":"Google Web Fonts"},{"value":"Google+Oswald","label":"Oswald","group":"Google Web Fonts"},{"value":"Google+Raleway","label":"Raleway","group":"Google Web Fonts"},{"value":"Google+ProximaNovaLight","label":"Proxima Nova","group":"Google Web Fonts"},{"value":"Google+Prata","label":"Prata","group":"Google Web Fonts"},{"value":"Helvetica, Arial, sans-serif","label":"Helvetica\/Arial","group":"Sans-serif"},{"value":"Impact, Charcoal, Helvetica, Arial, sans-serif","label":"Impact","group":"Sans-serif"},{"value":"'Lucida Grande', 'Lucida Sans Unicode', 'Lucida Sans', Lucida, Helvetica, Arial, sans-serif","label":"Lucida Grande","group":"Sans-serif"},{"value":"Google+Roboto","label":"Roboto","group":"Sans-serif"},{"value":"Google+Roboto+Condensed","label":"Roboto Condensed","group":"Sans-serif"},{"value":"Google+Roboto+Slab","label":"Roboto Slab","group":"Sans-serif"},{"value":"Trebuchet MS, sans-serif","label":"Trebuchet MS","group":"Sans-serif"},{"value":"Verdana, Helvetica, Arial, sans-serif","label":"Verdana","group":"Sans-serif"},{"value":"Garamond, Baskerville, Caslon, serif","label":"Garamond","group":"Serif"},{"value":"Georgia, Utopia, 'Times New Roman', Times, serif","label":"Georgia","group":"Serif"},{"value":"Palatino, 'Palatino Linotype', 'Book Antiqua', serif","label":"Palatino","group":"Serif"},{"value":"Google+Playfair+Display","label":"Playfair Display","group":"Google Web Fonts"},{"value":"'Times New Roman', Times, serif","label":"Times New Roman","group":"Serif"},{"value":"'Courier New', Courier, monospace","label":"Courier New","group":"Monospace"},{"value":"Monaco, 'Lucida Console', 'DejaVu Sans Mono', monospace","label":"Monaco\/Lucida Console","group":"Monospace"},{"value":"montserratregular","label":"Montserrat Regular","group":"Custom"},{"value":"montserratlight","label":"Montserrat Light","group":"Custom"},{"value":"montserratsemi_bold","label":"Montserrat Semi Bold","group":"Custom"},{"value":"montserratbold","label":"Montserrat Bold","group":"Custom"},{"value":"futura_md_btmedium","label":"Futura Medium","group":"Custom"},{"value":"futura_bk_btbook","label":"Futura Book","group":"Custom"}]},{"type":"select","id":"header_font","label":"Header font","options":[{"value":"IBM+Plex+Sans","label":"IBM Plex Sans","group":"Google Web Fonts"},{"value":"Google+Poppins","label":"Poppins","group":"Google Web Fonts"},{"value":"Google+Arvo","label":"Arvo","group":"Google Web Fonts"},{"value":"Google+Asap","label":"Asap","group":"Google Web Fonts"},{"value":"Google+Cabin","label":"Cabin","group":"Google Web Fonts"},{"value":"Google+Copse","label":"Copse","group":"Google Web Fonts"},{"value":"Google+Droid+Sans","label":"Droid Sans","group":"Google Web Fonts"},{"value":"Google+Droid+Serif","label":"Droid Serif","group":"Google Web Fonts"},{"value":"Google+Gentium+Book+Basic","label":"Gentium Book Basic","group":"Google Web Fonts"},{"value":"Google+Josefin+Slab","label":"Josefin Slab","group":"Google Web Fonts"},{"value":"Google+Josefin+Sans","label":"Josefin Sans","group":"Google Web Fonts"},{"value":"Google+Kreon","label":"Kreon","group":"Google Web Fonts"},{"value":"Google+Lato","label":"Lato","group":"Google Web Fonts"},{"value":"Google+Montserrat","label":"Montserrat","group":"Google Web Fonts"},{"value":"Google+Merriweather","label":"Merriweather","group":"Google Web Fonts"},{"value":"Google+Old+Standard+TT","label":"Old Standard TT","group":"Google Web Fonts"},{"value":"Google+Open+Sans","label":"Open Sans","group":"Google Web Fonts"},{"value":"Google+Oswald","label":"Oswald","group":"Google Web Fonts"},{"value":"Google+Raleway","label":"Raleway","group":"Google Web Fonts"},{"value":"Google+ProximaNovaLight","label":"Proxima Nova","group":"Google Web Fonts"},{"value":"Google+Prata","label":"Prata","group":"Google Web Fonts"},{"value":"Helvetica, Arial, sans-serif","label":"Helvetica\/Arial","group":"Sans-serif"},{"value":"Impact, Charcoal, Helvetica, Arial, sans-serif","label":"Impact","group":"Sans-serif"},{"value":"'Lucida Grande', 'Lucida Sans Unicode', 'Lucida Sans', Lucida, Helvetica, Arial, sans-serif","label":"Lucida Grande","group":"Sans-serif"},{"value":"Google+Roboto","label":"Roboto","group":"Sans-serif"},{"value":"Google+Roboto+Condensed","label":"Roboto Condensed","group":"Sans-serif"},{"value":"Google+Roboto+Slab","label":"Roboto Slab","group":"Sans-serif"},{"value":"Trebuchet MS, sans-serif","label":"Trebuchet MS","group":"Sans-serif"},{"value":"Verdana, Helvetica, Arial, sans-serif","label":"Verdana","group":"Sans-serif"},{"value":"Garamond, Baskerville, Caslon, serif","label":"Garamond","group":"Serif"},{"value":"Georgia, Utopia, 'Times New Roman', Times, serif","label":"Georgia","group":"Serif"},{"value":"Palatino, 'Palatino Linotype', 'Book Antiqua', serif","label":"Palatino","group":"Serif"},{"value":"Google+Playfair+Display","label":"Playfair Display","group":"Google Web Fonts"},{"value":"'Times New Roman', Times, serif","label":"Times New Roman","group":"Serif"},{"value":"'Courier New', Courier, monospace","label":"Courier New","group":"Monospace"},{"value":"Monaco, 'Lucida Console', 'DejaVu Sans Mono', monospace","label":"Monaco\/Lucida Console","group":"Monospace"},{"value":"montserratregular","label":"Montserrat Regular","group":"Custom"},{"value":"montserratlight","label":"Montserrat Light","group":"Custom"},{"value":"montserratsemi_bold","label":"Montserrat Semi Bold","group":"Custom"},{"value":"montserratbold","label":"Montserrat Bold","group":"Custom"},{"value":"futura_md_btbold","label":"Futura Bold","group":"Custom"},{"value":"futura_bk_btbook","label":"Futura Book","group":"Custom"}]},{"type":"select","id":"type_header_base_size","label":"Heading base size","default":"26px","options":[{"value":"20px","label":"20px"},{"value":"22px","label":"22px"},{"value":"24px","label":"24px"},{"value":"26px","label":"26px"},{"value":"28px","label":"28px"},{"value":"30px","label":"30px"},{"value":"32px","label":"32px"},{"value":"34px","label":"34px"},{"value":"36px","label":"36px"},{"value":"40px","label":"40px"},{"value":"44px","label":"44px"},{"value":"46px","label":"46px"},{"value":"48px","label":"48px"},{"value":"50px","label":"50px"}]},{"type":"select","id":"type_base_size","label":"Base size","default":"16px","options":[{"value":"13px","label":"13px"},{"value":"14px","label":"14px"},{"value":"15px","label":"15px"},{"value":"16px","label":"16px"},{"value":"17px","label":"17px"},{"value":"18px","label":"18px"},{"value":"19px","label":"19px"},{"value":"20px","label":"20px"}]}]},{"name":"Colors","settings":[{"type":"color","id":"color_body_bg","label":"Body background","default":"#ffffff"},{"type":"color","id":"color_borders","label":"Lines and borders","default":"#e5e5e5"},{"type":"color","id":"black_borders","label":"Black border","default":"#e5e5e5"},{"type":"color","id":"main_color","label":"Primary Color","default":"#204a80"},{"type":"color","id":"second_color","label":"Secondary Color","default":"#777777"},{"type":"header","content":"Buttons"},{"type":"color","id":"color_primary","label":"Primary buttons Bg","default":"#204a80"},{"type":"color","id":"color_button_primary_text","label":"Primary button text","default":"#ffffff"},{"type":"color","id":"primary_hover_btn","label":"Primary hover buttons","default":"#ff003a"},{"type":"color","id":"primary_hover_btn_text","label":"Primary hover buttons text","default":"#fff"}]},{"name":"Navigation","settings":[{"type":"header","content":"Mega Menu"},{"type":"checkbox","id":"display_megamenu","label":"Display Mega Menu?","default":true},{"type":"textarea","id":"megamenu_items","label":"Mega Menu Items","default":"Catalog","info":"Use \",\" to separate mega menu items if you have multiple mega menus. For ex: Shop, Collections"},{"type":"header","content":"Dropdown Mega Menu 1"},{"type":"select","id":"style_dropdown_mega_menu_1","label":"Style for Dropdown Mega Menu 1","options":[{"value":"style_1","label":"Style 1"},{"value":"style_2","label":"Style 2"},{"value":"style_3","label":"Style 3"},{"value":"style_4","label":"Style 4"},{"value":"style_5","label":"Style 5"}]},{"type":"paragraph","content":"Featured Product in Mega Menu 1 (used for Style 1)"},{"type":"checkbox","id":"show_featured_product_menu_1","label":"Enable","default":true},{"type":"collection","id":"menu_featured_product_list_collection_1","label":"Collection to use"},{"type":"text","id":"menu_featured_product_title_1","label":"Title","default":"Featured Products"},{"type":"paragraph","content":"Block Image (used for Style 2)"},{"type":"image","id":"dropdown_1_menu_image_6.jpg","label":"Upload a new image","max-width":500,"info":"200px x 180px recommended"},{"type":"text","id":"dropdown_1_menu_link_image_6","label":"Link image"},{"type":"paragraph","content":"Block Image 2 (used for Style 2)"},{"type":"image","id":"dropdown_1_menu_image_7.jpg","label":"Upload a new image","max-width":500,"info":"200px x 180px recommended"},{"type":"text","id":"dropdown_1_menu_link_image_7","label":"Link image 2"},{"type":"paragraph","content":"Block Image 3 (used for Style 1, 2, 4)"},{"type":"image","id":"dropdown_1_menu_image_3.jpg","label":"Upload a new image","max-width":500,"info":"200px x 375px recommended"},{"type":"text","id":"dropdown_1_menu_link_image_3","label":"Link image 3"},{"type":"paragraph","content":"Bottom Block Image (used for Style 5)"},{"type":"image","id":"bottom_1_menu_image_1.jpg","label":"Upload a new image","max-width":700,"info":"429px x 200px recommended"},{"type":"text","id":"bottom_1_menu_image_1_link","label":"Link"},{"type":"image","id":"bottom_right_1_menu_image_1.jpg","label":"Upload a new image","max-width":700,"info":"429px x 200px recommended"},{"type":"text","id":"bottom_right_1_menu_image_1_link","label":"Link"},{"type":"header","content":"Dropdown Mega Menu 2"},{"type":"select","id":"style_dropdown_mega_menu_2","label":"Style for Dropdown Mega Menu 2","options":[{"value":"style_1","label":"Style 1"},{"value":"style_2","label":"Style 2"},{"value":"style_3","label":"Style 3"},{"value":"style_4","label":"Style 4"},{"value":"style_5","label":"Style 5"}]},{"type":"paragraph","content":"Featured Product in Mega Menu 2 (used for Style 1)"},{"type":"checkbox","id":"show_featured_product_menu_2","label":"Enable","default":true},{"type":"collection","id":"menu_featured_product_list_collection_2","label":"Collection to use"},{"type":"text","id":"menu_featured_product_title_2","label":"Title","default":"Featured Products"},{"type":"paragraph","content":"Block Image (used for Style 2)"},{"type":"image","id":"dropdown_2_menu_image_6.jpg","label":"Upload a new image","max-width":500,"info":"200px x 180px recommended"},{"type":"text","id":"dropdown_2_menu_link_image_6","label":"Link image"},{"type":"paragraph","content":"Block Image 2 (used for Style 2)"},{"type":"image","id":"dropdown_2_menu_image_7.jpg","label":"Upload a new image","max-width":500,"info":"200px x 180px recommended"},{"type":"text","id":"dropdown_2_menu_link_image_7","label":"Link image 2"},{"type":"paragraph","content":"Block Image 3 (used for Style 1, 2, 4)"},{"type":"image","id":"dropdown_2_menu_image_3.jpg","label":"Upload a new image","max-width":500,"info":"200px x 375px recommended"},{"type":"text","id":"dropdown_2_menu_link_image_3","label":"Link image 3"},{"type":"paragraph","content":"Bottom Block Image (used for Style 5)"},{"type":"image","id":"bottom_2_menu_image_2.jpg","label":"Upload a new image","max-width":700,"info":"429px x 200px recommended"},{"type":"text","id":"bottom_2_menu_image_2_link","label":"Link"},{"type":"image","id":"bottom_right_2_menu_image_2.jpg","label":"Upload a new image","max-width":700,"info":"429px x 200px recommended"},{"type":"text","id":"bottom_right_2_menu_image_2_link","label":"Link"},{"type":"header","content":"Dropdown Mega Menu 3"},{"type":"select","id":"style_dropdown_mega_menu_3","label":"Style for Dropdown Mega Menu 3","options":[{"value":"style_1","label":"Style 1"},{"value":"style_2","label":"Style 2"},{"value":"style_3","label":"Style 3"},{"value":"style_4","label":"Style 4"},{"value":"style_5","label":"Style 5"}]},{"type":"paragraph","content":"Featured Product in Mega Menu 3 (used for Style 1)"},{"type":"checkbox","id":"show_featured_product_menu_3","label":"Enable","default":true},{"type":"collection","id":"menu_featured_product_list_collection_3","label":"Collection to use"},{"type":"text","id":"menu_featured_product_title_3","label":"Title","default":"Featured Products"},{"type":"paragraph","content":"Block Image (used for Style 2)"},{"type":"image","id":"dropdown_3_menu_image_6.jpg","label":"Upload a new image","max-width":500,"info":"200px x 180px recommended"},{"type":"text","id":"dropdown_3_menu_link_image_6","label":"Link image"},{"type":"paragraph","content":"Block Image 2 (used for Style 2)"},{"type":"image","id":"dropdown_3_menu_image_7.jpg","label":"Upload a new image","max-width":500,"info":"200px x 180px recommended"},{"type":"text","id":"dropdown_3_menu_link_image_7","label":"Link image 2"},{"type":"paragraph","content":"Block Image 3 (used for Style 1, 2, 4)"},{"type":"image","id":"dropdown_3_menu_image_3.jpg","label":"Upload a new image","max-width":500,"info":"200px x 375px recommended"},{"type":"text","id":"dropdown_3_menu_link_image_3","label":"Link image 3"},{"type":"paragraph","content":"Bottom Block Image (used for Style 5)"},{"type":"image","id":"bottom_3_menu_image_3.jpg","label":"Upload a new image","max-width":700,"info":"429px x 200px recommended"},{"type":"text","id":"bottom_3_menu_image_3_link","label":"Link"},{"type":"image","id":"bottom_right_3_menu_image_3.jpg","label":"Upload a new image","max-width":700,"info":"429px x 200px recommended"},{"type":"text","id":"bottom_right_3_menu_image_3_link","label":"Link"},{"type":"header","content":"Dropdown Mega Menu 4"},{"type":"select","id":"style_dropdown_mega_menu_4","label":"Style for Dropdown Mega Menu 4","options":[{"value":"style_1","label":"Style 1"},{"value":"style_2","label":"Style 2"},{"value":"style_3","label":"Style 3"},{"value":"style_4","label":"Style 4"},{"value":"style_5","label":"Style 5"}]},{"type":"paragraph","content":"Featured Product in Mega Menu 4 (used for Style 1)"},{"type":"checkbox","id":"show_featured_product_menu_4","label":"Enable","default":true},{"type":"collection","id":"menu_featured_product_list_collection_4","label":"Collection to use"},{"type":"text","id":"menu_featured_product_title_4","label":"Title","default":"Featured Products"},{"type":"paragraph","content":"Block Image (used for Style 2)"},{"type":"image","id":"dropdown_4_menu_image_6.jpg","label":"Upload a new image","max-width":500,"info":"200px x 180px recommended"},{"type":"text","id":"dropdown_4_menu_link_image_6","label":"Link image"},{"type":"paragraph","content":"Block Image 2 (used for Style 2)"},{"type":"image","id":"dropdown_4_menu_image_7.jpg","label":"Upload a new image","max-width":500,"info":"200px x 180px recommended"},{"type":"text","id":"dropdown_4_menu_link_image_7","label":"Link image 2"},{"type":"paragraph","content":"Block Image 3 (used for Style 1, 2, 4)"},{"type":"image","id":"dropdown_4_menu_image_3.jpg","label":"Upload a new image","max-width":500,"info":"200px x 375px recommended"},{"type":"text","id":"dropdown_4_menu_link_image_3","label":"Link image 3"},{"type":"paragraph","content":"Bottom Block Image (used for Style 5)"},{"type":"image","id":"bottom_4_menu_image_4.jpg","label":"Upload a new image","max-width":700,"info":"429px x 200px recommended"},{"type":"text","id":"bottom_4_menu_image_4_link","label":"Link"},{"type":"image","id":"bottom_right_4_menu_image_4.jpg","label":"Upload a new image","max-width":700,"info":"429px x 200px recommended"},{"type":"text","id":"bottom_right_4_menu_image_4_link","label":"Link"},{"type":"header","content":"Dropdown Mega Menu 5"},{"type":"select","id":"style_dropdown_mega_menu_5","label":"Style for Dropdown Mega Menu 5","options":[{"value":"style_1","label":"Style 1"},{"value":"style_2","label":"Style 2"},{"value":"style_3","label":"Style 3"},{"value":"style_4","label":"Style 4"},{"value":"style_5","label":"Style 5"}]},{"type":"paragraph","content":"Featured Product in Mega Menu 5 (used for Style 1)"},{"type":"checkbox","id":"show_featured_product_menu_5","label":"Enable","default":true},{"type":"collection","id":"menu_featured_product_list_collection_5","label":"Collection to use"},{"type":"text","id":"menu_featured_product_title_5","label":"Title","default":"Featured Products"},{"type":"paragraph","content":"Block Image (used for Style 2)"},{"type":"image","id":"dropdown_5_menu_image_6.jpg","label":"Upload a new image","max-width":500,"info":"200px x 180px recommended"},{"type":"text","id":"dropdown_5_menu_link_image_6","label":"Link image"},{"type":"paragraph","content":"Block Image 2 (used for Style 2)"},{"type":"image","id":"dropdown_5_menu_image_7.jpg","label":"Upload a new image","max-width":500,"info":"200px x 180px recommended"},{"type":"text","id":"dropdown_5_menu_link_image_7","label":"Link image 2"},{"type":"paragraph","content":"Block Image 3 (used for Style 1, 2, 4)"},{"type":"image","id":"dropdown_5_menu_image_3.jpg","label":"Upload a new image","max-width":500,"info":"200px x 375px recommended"},{"type":"text","id":"dropdown_5_menu_link_image_3","label":"Link image 3"},{"type":"paragraph","content":"Bottom Block Image (used for Style 5)"},{"type":"image","id":"bottom_5_menu_image_5.jpg","label":"Upload a new image","max-width":700,"info":"429px x 200px recommended"},{"type":"text","id":"bottom_5_menu_image_5_link","label":"Link"},{"type":"image","id":"bottom_right_5_menu_image_5.jpg","label":"Upload a new image","max-width":700,"info":"429px x 200px recommended"},{"type":"text","id":"bottom_right_5_menu_image_5_link","label":"Link"},{"type":"header","content":"Dropdown Mega Menu 6"},{"type":"select","id":"style_dropdown_mega_menu_6","label":"Style for Dropdown Mega Menu 6","options":[{"value":"style_1","label":"Style 1"},{"value":"style_2","label":"Style 2"},{"value":"style_3","label":"Style 3"},{"value":"style_4","label":"Style 4"},{"value":"style_5","label":"Style 5"}]},{"type":"paragraph","content":"Featured Product in Mega Menu 6 (used for Style 1)"},{"type":"checkbox","id":"show_featured_product_menu_6","label":"Enable","default":true},{"type":"collection","id":"menu_featured_product_list_collection_6","label":"Collection to use"},{"type":"text","id":"menu_featured_product_title_6","label":"Title","default":"Featured Products"},{"type":"paragraph","content":"Block Image (used for Style 2)"},{"type":"image","id":"dropdown_6_menu_image_6.jpg","label":"Upload a new image","max-width":500,"info":"200px x 180px recommended"},{"type":"text","id":"dropdown_6_menu_link_image_6","label":"Link image"},{"type":"paragraph","content":"Block Image 2 (used for Style 2)"},{"type":"image","id":"dropdown_6_menu_image_7.jpg","label":"Upload a new image","max-width":500,"info":"200px x 180px recommended"},{"type":"text","id":"dropdown_6_menu_link_image_7","label":"Link image 2"},{"type":"paragraph","content":"Block Image 3 (used for Style 1, 2, 4)"},{"type":"image","id":"dropdown_6_menu_image_3.jpg","label":"Upload a new image","max-width":500,"info":"200px x 375px recommended"},{"type":"text","id":"dropdown_6_menu_link_image_3","label":"Link image 3"},{"type":"paragraph","content":"Bottom Block Image (used for Style 5)"},{"type":"image","id":"bottom_6_menu_image_6.jpg","label":"Upload a new image","max-width":700,"info":"429px x 200px recommended"},{"type":"text","id":"bottom_6_menu_image_6_link","label":"Link"},{"type":"image","id":"bottom_right_6_menu_image_6.jpg","label":"Upload a new image","max-width":700,"info":"429px x 200px recommended"},{"type":"text","id":"bottom_right_6_menu_image_6_link","label":"Link"},{"type":"header","content":"Dropdown Mega Menu 7"},{"type":"select","id":"style_dropdown_mega_menu_7","label":"Style for Dropdown Mega Menu 7","options":[{"value":"style_1","label":"Style 1"},{"value":"style_2","label":"Style 2"},{"value":"style_3","label":"Style 3"},{"value":"style_4","label":"Style 4"},{"value":"style_5","label":"Style 5"}]},{"type":"paragraph","content":"Featured Product in Mega Menu 7 (used for Style 1)"},{"type":"checkbox","id":"show_featured_product_menu_7","label":"Enable","default":true},{"type":"collection","id":"menu_featured_product_list_collection_7","label":"Collection to use"},{"type":"text","id":"menu_featured_product_title_7","label":"Title","default":"Featured Products"},{"type":"paragraph","content":"Block Image (used for Style 2)"},{"type":"image","id":"dropdown_7_menu_image_6.jpg","label":"Upload a new image","max-width":500,"info":"200px x 180px recommended"},{"type":"text","id":"dropdown_7_menu_link_image_6","label":"Link image"},{"type":"paragraph","content":"Block Image 2 (used for Style 2)"},{"type":"image","id":"dropdown_7_menu_image_7.jpg","label":"Upload a new image","max-width":500,"info":"200px x 180px recommended"},{"type":"text","id":"dropdown_7_menu_link_image_7","label":"Link image 2"},{"type":"paragraph","content":"Block Image 3 (used for Style 1, 2, 4)"},{"type":"image","id":"dropdown_7_menu_image_3.jpg","label":"Upload a new image","max-width":500,"info":"200px x 375px recommended"},{"type":"text","id":"dropdown_7_menu_link_image_3","label":"Link image 3"},{"type":"paragraph","content":"Bottom Block Image (used for Style 5)"},{"type":"image","id":"bottom_7_menu_image_7.jpg","label":"Upload a new image","max-width":700,"info":"429px x 200px recommended"},{"type":"text","id":"bottom_7_menu_image_7_link","label":"Link"},{"type":"image","id":"bottom_right_7_menu_image_7.jpg","label":"Upload a new image","max-width":700,"info":"429px x 200px recommended"},{"type":"text","id":"bottom_right_7_menu_image_7_link","label":"Link"},{"type":"header","content":"Dropdown Mega Menu 8"},{"type":"select","id":"style_dropdown_mega_menu_8","label":"Style for Dropdown Mega Menu 8","options":[{"value":"style_1","label":"Style 1"},{"value":"style_2","label":"Style 2"},{"value":"style_3","label":"Style 3"},{"value":"style_4","label":"Style 4"},{"value":"style_5","label":"Style 5"}]},{"type":"paragraph","content":"Featured Product in Mega Menu 8 (used for Style 1)"},{"type":"checkbox","id":"show_featured_product_menu_8","label":"Enable","default":true},{"type":"collection","id":"menu_featured_product_list_collection_8","label":"Collection to use"},{"type":"text","id":"menu_featured_product_title_8","label":"Title","default":"Featured Products"},{"type":"paragraph","content":"Block Image (used for Style 2)"},{"type":"image","id":"dropdown_8_menu_image_6.jpg","label":"Upload a new image","max-width":500,"info":"200px x 180px recommended"},{"type":"text","id":"dropdown_8_menu_link_image_6","label":"Link image"},{"type":"paragraph","content":"Block Image 2 (used for Style 2)"},{"type":"image","id":"dropdown_8_menu_image_7.jpg","label":"Upload a new image","max-width":500,"info":"200px x 180px recommended"},{"type":"text","id":"dropdown_8_menu_link_image_7","label":"Link image 2"},{"type":"paragraph","content":"Block Image 3 (used for Style 1, 2, 4)"},{"type":"image","id":"dropdown_8_menu_image_3.jpg","label":"Upload a new image","max-width":500,"info":"200px x 375px recommended"},{"type":"text","id":"dropdown_8_menu_link_image_3","label":"Link image 3"},{"type":"paragraph","content":"Bottom Block Image (used for Style 5)"},{"type":"image","id":"bottom_8_menu_image_8.jpg","label":"Upload a new image","max-width":700,"info":"429px x 200px recommended"},{"type":"text","id":"bottom_8_menu_image_8_link","label":"Link"},{"type":"image","id":"bottom_right_8_menu_image_8.jpg","label":"Upload a new image","max-width":700,"info":"429px x 200px recommended"},{"type":"text","id":"bottom_right_8_menu_image_8_link","label":"Link"},{"type":"header","content":"Dropdown Mega Menu 9"},{"type":"select","id":"style_dropdown_mega_menu_9","label":"Style for Dropdown Mega Menu 9","options":[{"value":"style_1","label":"Style 1"},{"value":"style_2","label":"Style 2"},{"value":"style_3","label":"Style 3"},{"value":"style_4","label":"Style 4"},{"value":"style_5","label":"Style 5"}]},{"type":"paragraph","content":"Featured Product in Mega Menu 9 (used for Style 1)"},{"type":"checkbox","id":"show_featured_product_menu_9","label":"Enable","default":true},{"type":"collection","id":"menu_featured_product_list_collection_9","label":"Collection to use"},{"type":"text","id":"menu_featured_product_title_9","label":"Title","default":"Featured Products"},{"type":"paragraph","content":"Block Image (used for Style 2)"},{"type":"image","id":"dropdown_9_menu_image_6.jpg","label":"Upload a new image","max-width":500,"info":"200px x 180px recommended"},{"type":"text","id":"dropdown_9_menu_link_image_6","label":"Link image"},{"type":"paragraph","content":"Block Image 2 (used for Style 2)"},{"type":"image","id":"dropdown_9_menu_image_7.jpg","label":"Upload a new image","max-width":500,"info":"200px x 180px recommended"},{"type":"text","id":"dropdown_9_menu_link_image_7","label":"Link image 2"},{"type":"paragraph","content":"Block Image 3 (used for Style 1, 2, 4)"},{"type":"image","id":"dropdown_9_menu_image_3.jpg","label":"Upload a new image","max-width":500,"info":"200px x 375px recommended"},{"type":"text","id":"dropdown_9_menu_link_image_3","label":"Link image 3"},{"type":"paragraph","content":"Bottom Block Image (used for Style 5)"},{"type":"image","id":"bottom_9_menu_image_9.jpg","label":"Upload a new image","max-width":700,"info":"429px x 200px recommended"},{"type":"text","id":"bottom_9_menu_image_9_link","label":"Link"},{"type":"image","id":"bottom_right_9_menu_image_9.jpg","label":"Upload a new image","max-width":700,"info":"429px x 200px recommended"},{"type":"text","id":"bottom_right_9_menu_image_9_link","label":"Link"},{"type":"header","content":"Dropdown Mega Menu 10"},{"type":"select","id":"style_dropdown_mega_menu_10","label":"Style for Dropdown Mega Menu 10","options":[{"value":"style_1","label":"Style 1"},{"value":"style_2","label":"Style 2"},{"value":"style_3","label":"Style 3"},{"value":"style_4","label":"Style 4"},{"value":"style_5","label":"Style 5"}]},{"type":"paragraph","content":"Featured Product in Mega Menu 10 (used for Style 1)"},{"type":"checkbox","id":"show_featured_product_menu_10","label":"Enable","default":true},{"type":"collection","id":"menu_featured_product_list_collection_10","label":"Collection to use"},{"type":"text","id":"menu_featured_product_title_10","label":"Title","default":"Featured Products"},{"type":"paragraph","content":"Block Image (used for Style 2)"},{"type":"image","id":"dropdown_10_menu_image_6.jpg","label":"Upload a new image","max-width":500,"info":"200px x 180px recommended"},{"type":"text","id":"dropdown_10_menu_link_image_6","label":"Link image"},{"type":"paragraph","content":"Block Image 2 (used for Style 2)"},{"type":"image","id":"dropdown_10_menu_image_7.jpg","label":"Upload a new image","max-width":500,"info":"200px x 180px recommended"},{"type":"text","id":"dropdown_10_menu_link_image_7","label":"Link image 2"},{"type":"paragraph","content":"Block Image 3 (used for Style 1, 2, 4)"},{"type":"image","id":"dropdown_10_menu_image_3.jpg","label":"Upload a new image","max-width":500,"info":"200px x 375px recommended"},{"type":"text","id":"dropdown_10_menu_link_image_3","label":"Link image 3"},{"type":"paragraph","content":"Bottom Block Image (used for Style 5)"},{"type":"image","id":"bottom_10_menu_image_10.jpg","label":"Upload a new image","max-width":700,"info":"429px x 200px recommended"},{"type":"text","id":"bottom_10_menu_image_10_link","label":"Link"},{"type":"image","id":"bottom_right_10_menu_image_10.jpg","label":"Upload a new image","max-width":700,"info":"429px x 200px recommended"},{"type":"text","id":"bottom_right_10_menu_image_10_link","label":"Link"}]},{"name":"Collection page","settings":[{"type":"checkbox","id":"collections_show_sale_circle","label":"Show product sale circle","default":true},{"type":"checkbox","id":"collections_show_sold_out_circle","label":"Show product sold out circle","default":true},{"type":"checkbox","id":"collections_sort_enable","label":"Enable collection sorting","default":true},{"type":"checkbox","id":"collections_view_enable","label":"Enable collection view","default":true},{"type":"checkbox","id":"enable_quick_view","label":"Enable quick view","default":true},{"type":"checkbox","id":"enable_add_cart","label":"Enable Add to cart","default":true},{"type":"checkbox","id":"enable_wishlist","label":"Enable wishlist","default":true},{"type":"checkbox","id":"display_color_variant","label":"Display Color Variant","default":true},{"type":"select","id":"collection_grid","label":"Products per row (grid only)","default":"4","options":[{"value":"2","label":"2"},{"value":"3","label":"3"},{"value":"4","label":"4"}]},{"type":"select","id":"collection_results_per_page","label":"Products per page","default":"12","options":[{"value":"12","label":"12"},{"value":"24","label":"24"},{"value":"36","label":"36"},{"value":"100","label":"100"}]},{"type":"checkbox","id":"collection_infinite_scrolling","label":"Enable Infinite Scrolling (Show More Button)","default":true}]},{"name":"Product page","settings":[{"type":"checkbox","id":"display_availability","label":"Display Availability?","default":true},{"type":"checkbox","id":"display_product_type","label":"Display Product Type?","default":true},{"type":"checkbox","id":"display_vendor","label":"Display Vendor?","default":true},{"type":"checkbox","id":"enable_color_swatch","label":"Enable color swatch?"},{"type":"checkbox","id":"enable_linked_option","label":"Enable linked options?"},{"type":"checkbox","id":"product_quantity_enable","label":"Show quantity selector"},{"type":"checkbox","id":"short_desc","label":"Enable Short description","default":true},{"type":"checkbox","id":"product_tab1","label":"Enable Product Description","default":true},{"type":"text","id":"product_tab1_heading","label":"Tab 1 heading","default":"Product Description"},{"type":"checkbox","id":"product_tab2","label":"Enable Product Review","default":true},{"type":"text","id":"product_tab2_heading","label":"Tab 2 heading","default":"Reviews"},{"type":"checkbox","id":"product_tab3","label":"Enable Shipping details","default":true},{"type":"text","id":"product_tab3_heading","label":"Tab 3 heading","default":"Shipping Details"},{"type":"page","id":"product_tab3_page","label":"Select shipping info page"},{"type":"checkbox","id":"product_related_enable","label":"Enable related products"},{"type":"text","id":"related_prds_heading","label":"Heading"}]},{"name":"Cart page","settings":[{"type":"checkbox","id":"cart_notes_enable","label":"Enable order notes"},{"type":"checkbox","id":"use_ajax_cart","label":"Enable ajax cart","default":true}]},{"name":"Blog","settings":[{"type":"checkbox","id":"show_blog_4_content","label":"Display Blog content"},{"type":"checkbox","id":"show_blog_4_img","label":"Display Blog img"},{"type":"checkbox","id":"show_blog_4_author","label":"Display Blog author name"},{"type":"checkbox","id":"show_blog_4_btn","label":"Display Blog button"},{"type":"checkbox","id":"show_blog_4_date","label":"Display Blog date"}]},{"name":"Contact page","settings":[{"type":"checkbox","id":"enable_gmap","label":"Enable Contact Map?"},{"type":"textarea","id":"contact_iframe_code","label":"Map Code[iframe]","info":"[Where do I find googlemap action URL?](https:\/\/support.google.com\/maps\/answer\/3544418?hl=en)"},{"type":"checkbox","id":"enable_contact_address","label":"Enable Contact Address?"},{"type":"checkbox","id":"enable_contact_section","label":"Enable Contact Section"},{"type":"color","id":"contact_title_color","label":"Contact title  Color","default":"#000"},{"type":"checkbox","id":"contact_phone","label":"Enable Phone"},{"type":"text","id":"contact_icon_1","label":"Icon Class"},{"type":"text","id":"contact_module_contact_phonetitle","label":"Title"},{"type":"text","id":"contact_phone1","label":"Phone"},{"type":"text","id":"contact_phone2","label":"Phone"},{"type":"text","id":"contact_module_contact_title","label":"Title"},{"type":"checkbox","id":"contact_module_email","label":"Enable Email"},{"type":"text","id":"contact_icon_2","label":"Icon Class"},{"type":"text","id":"contact_module_email_1","label":"Email"},{"type":"text","id":"contact_module_email2","label":"Email"},{"type":"checkbox","id":"contact_module_address","label":"Enable Address"},{"type":"text","id":"contact_icon_3","label":"Icon Class"},{"type":"text","id":"contact_module_address_title","label":"Title"},{"type":"textarea","id":"contact_module_address1","label":"Address"},{"type":"textarea","id":"contact_module_address2","label":"Address"}]},{"name":"Newsletter","settings":[{"type":"checkbox","id":"display_popup_newsletter","label":"Display popup newsletter?","default":true},{"type":"checkbox","id":"pop_up_newsletter_img_show","label":"Popup newsletter image ?","info":"Size: 500x600"},{"type":"image","id":"popup_newsletter_img.jpg"},{"type":"color","id":"popup_newsletter_bg","label":"Popup newsletter inner bg","default":"#fff"},{"type":"text","id":"popup_newsletter_title","label":"Popup Newsletter Title","default":"Popup Newsletter Title"},{"type":"textarea","id":"popup_newsletter_message","label":"Popup Newsletter Message"},{"type":"text","id":"form_note","label":"Popup Newsletter Note"},{"type":"text","id":"newsletter_form_action","label":"MailChimp form action URL","info":"[Find your MailChimp form action URL](https:\/\/docs.shopify.com\/manual\/configuration\/store-customization\/communicating-with-customers\/accounts-and-newsletters\/get-a-mailchimp-form-action-url)."}]},{"name":"Product Count Down","settings":[{"type":"header","content":"General Setting"},{"type":"checkbox","id":"count_down_enable","label":"Enable Product Count Down"},{"type":"checkbox","id":"count_down_home","label":"Enable Home Pages"},{"type":"checkbox","id":"count_down_collections","label":"Enable Collection Pages"},{"type":"checkbox","id":"count_down_prodetails","label":"Enable Product Detail Pages"},{"type":"textarea","id":"home_productdeal_time","label":"Deal Time","info":"Product_ID@Time_end(month-day-Year_Hour:Minute:Second). Example: 649437413428@10\/24\/2018_00:00:00 747392958516@11\/24\/2018_00:00:00 649437413428@12\/24\/2018_00:00:00"}]},{"name":"Social media","settings":[{"type":"header","content":"Accounts"},{"type":"text","id":"social_twitter_link","label":"Twitter","info":"https:\/\/twitter.com\/shopify"},{"type":"text","id":"social_facebook_link","label":"Facebook","info":"https:\/\/www.facebook.com\/shopify"},{"type":"text","id":"social_pinterest_link","label":"Pinterest","info":"https:\/\/www.pinterest.com\/shopify"},{"type":"text","id":"social_google_plus_link","label":"Google+","info":"https:\/\/plus.google.com\/+shopify"},{"type":"text","id":"social_instagram_link","label":"Instagram","info":"https:\/\/instagram.com\/shopify"},{"type":"text","id":"social_tumblr_link","label":"Tumblr","info":"http:\/\/shopify.tumblr.com"},{"type":"text","id":"social_youtube_link","label":"YouTube","info":"https:\/\/www.youtube.com\/user\/shopify"},{"type":"text","id":"social_vimeo_link","label":"Vimeo","info":"https:\/\/vimeo.com\/shopify"},{"type":"text","id":"social_fancy_link","label":"Fancy","info":"http:\/\/fancy.com\/shopify"},{"type":"text","id":"social_rss_link","label":"RSS","info":"http:\/\/store.myshopify.com\/blogs\/blogname.atom"},{"type":"header","content":"Sharing"},{"type":"checkbox","id":"social_sharing_products","label":"Enable product sharing"},{"type":"checkbox","id":"social_sharing_blog","label":"Enable blog post sharing"},{"type":"checkbox","id":"social_sharing_count","label":"Show number of shares","info":"Available for Facebook, Twitter, and Pinterest"},{"type":"checkbox","id":"share_facebook","label":"Share on Facebook"},{"type":"checkbox","id":"share_twitter","label":"Tweet on Twitter"},{"type":"checkbox","id":"share_pinterest","label":"Pin on Pinterest"},{"type":"checkbox","id":"share_google","label":"+1 on Google Plus"},{"type":"select","id":"social_sharing_style","label":"Button style","options":[{"value":"normal","label":"Normal"},{"value":"is-clean","label":"Clean"}]}]},{"name":"Money options","settings":[{"type":"checkbox","id":"display_currency","label":"Allow shopper to see prices in his own currency?"},{"type":"text","id":"currency_1_unit","label":"Currency 1 unit Text","default":"USD"},{"type":"text","id":"currency_2_unit","label":"Currency 2 unit Text","default":"EUR"},{"type":"text","id":"currency_3_unit","label":"Currency 3 unit Text","default":"GBP"},{"type":"text","id":"currency_4_unit","label":"Currency 4 unit Text","default":"AUD"},{"type":"text","id":"currency_5_unit","label":"Currency 5 unit Text","default":"INR"},{"type":"text","id":"currency_6_unit","label":"Currency 6 unit Text","default":"JPY"},{"type":"text","id":"currency_7_unit","label":"Currency 7 unit Text","default":"CAD"},{"type":"text","id":"currency_8_unit","label":"Currency 8 unit Text","default":"CNY"},{"type":"text","id":"currency_9_unit","label":"Currency 9 unit Text","default":"AED"},{"type":"text","id":"currency_10_unit","label":"Currency 10 unit Text","default":"RUB"},{"type":"paragraph","content":"Separate your currency codes with a space. Use the ISO 4217 3-letter currency code. Click [here](http:\/\/www.xe.com\/iso4217.php) for a complete list of currency codes. Example: CAD USD."},{"type":"paragraph","content":"* For this functionality to work in your shop, you are required to edit your money formats as per [these instructions](http:\/\/wiki.shopify.com\/How_to_Show_Multiple_Currencies#Do_tell_where_the_money_is) (“Do tell where the money is”)."}]},{"name":"Password Page","settings":[{"type":"checkbox","id":"password_bg_img","label":"Background image"},{"type":"image","id":"password_bg_img.jpg"},{"type":"checkbox","id":"password_logo","label":"Logo image"},{"type":"image","id":"password_logo.png"},{"type":"text","id":"pwd_logo_max_width","label":"Custom logo width (in pixels)","default":"100"},{"type":"text","id":"pwd_header","label":"Heading","default":"Opening Soon"},{"type":"checkbox","id":"pwd_show_share_buttons","label":"Show social sharing buttons","default":true},{"type":"text","id":"pwd_social_message","label":"Social sharing buttons heading","default":"Spread the word"},{"type":"checkbox","id":"pwd_newsletter_enable","label":"Show newsletter signup","default":true},{"type":"text","id":"pwd_newsletter_form_heading","label":"Newsletter form heading","default":"Be the first to know when we launch.","info":"[Tell your visitors about a launch day discount](https:\/\/www.shopify.ca\/blog\/15514000-14-ways-to-use-offers-coupons-discounts-and-deals-to-drive-revenue-and-customer-loyalty)."},{"type":"text","id":"pwd_newsletter_placeholder","label":"Newsletter placeholder text","default":"Email address"},{"type":"text","id":"pwd_newsletter_button_text","label":"Newsletter button text","default":"Notify me"}]}]