{"current":{"logo_use_image":true,"logo_max_height":"50","logo_max_width":"197","favicon_enable":true,"base_font":"Google+Poppins","header_font":"Google+Poppins","type_header_base_size":"48px","type_base_size":"14px","color_body_bg":"#ffffff","color_borders":"#e4e4e4","black_borders":"#000000","main_color":"#000000","second_color":"#717171","color_primary":"#000000","color_button_primary_text":"#ffffff","primary_hover_btn":"#7a7a7a","primary_hover_btn_text":"#ffffff","display_megamenu":true,"megamenu_items":"Women, Jewelry & Watches, Bath & Beauty, Bag & Wallet","style_dropdown_mega_menu_1":"style_1","show_featured_product_menu_1":true,"menu_featured_product_list_collection_1":"dresses","menu_featured_product_title_1":"Special","dropdown_1_menu_link_image_6":"","dropdown_1_menu_link_image_7":"","dropdown_1_menu_link_image_3":"https:\/\/mahcart.com\/collections\/women","bottom_1_menu_image_1_link":"","bottom_right_1_menu_image_1_link":"","style_dropdown_mega_menu_2":"style_1","show_featured_product_menu_2":true,"menu_featured_product_list_collection_2":"jewelry-watches","menu_featured_product_title_2":"Bestseller","dropdown_2_menu_link_image_6":"","dropdown_2_menu_link_image_7":"","dropdown_2_menu_link_image_3":"https:\/\/mahcart.com\/collections\/jewelry-watches","bottom_2_menu_image_2_link":"#","bottom_right_2_menu_image_2_link":"#","style_dropdown_mega_menu_3":"style_2","show_featured_product_menu_3":true,"menu_featured_product_list_collection_3":"bath-beauty","menu_featured_product_title_3":"Featured Products","dropdown_3_menu_link_image_6":"","dropdown_3_menu_link_image_7":"","dropdown_3_menu_link_image_3":"https:\/\/mahcart.com\/collections\/bath-beauty","bottom_3_menu_image_3_link":"","bottom_right_3_menu_image_3_link":"","style_dropdown_mega_menu_4":"style_1","show_featured_product_menu_4":true,"menu_featured_product_list_collection_4":"bag-wallet","menu_featured_product_title_4":"Bestseller","dropdown_4_menu_link_image_6":"","dropdown_4_menu_link_image_7":"","dropdown_4_menu_link_image_3":"https:\/\/mahcart.com\/collections\/bag-wallet","bottom_4_menu_image_4_link":"","bottom_right_4_menu_image_4_link":"","style_dropdown_mega_menu_5":"style_4","show_featured_product_menu_5":true,"menu_featured_product_list_collection_5":"","menu_featured_product_title_5":"Featured Product","dropdown_5_menu_link_image_6":"","dropdown_5_menu_link_image_7":"","dropdown_5_menu_link_image_3":"\/collections\/all","bottom_5_menu_image_5_link":"","bottom_right_5_menu_image_5_link":"","style_dropdown_mega_menu_6":"style_5","show_featured_product_menu_6":true,"menu_featured_product_list_collection_6":"","menu_featured_product_title_6":"new","dropdown_6_menu_link_image_6":"","dropdown_6_menu_link_image_7":"","dropdown_6_menu_link_image_3":"","bottom_6_menu_image_6_link":"","bottom_right_6_menu_image_6_link":"","style_dropdown_mega_menu_7":"style_4","show_featured_product_menu_7":true,"menu_featured_product_list_collection_7":"","menu_featured_product_title_7":"Featured Products","dropdown_7_menu_link_image_6":"","dropdown_7_menu_link_image_7":"","dropdown_7_menu_link_image_3":"","bottom_7_menu_image_7_link":"","bottom_right_7_menu_image_7_link":"","style_dropdown_mega_menu_8":"style_1","show_featured_product_menu_8":true,"menu_featured_product_list_collection_8":"","menu_featured_product_title_8":"Featured Products","dropdown_8_menu_link_image_6":"","dropdown_8_menu_link_image_7":"","dropdown_8_menu_link_image_3":"","bottom_8_menu_image_8_link":"","bottom_right_8_menu_image_8_link":"","style_dropdown_mega_menu_9":"style_1","show_featured_product_menu_9":true,"menu_featured_product_list_collection_9":"","menu_featured_product_title_9":"Featured Products","dropdown_9_menu_link_image_6":"","dropdown_9_menu_link_image_7":"","dropdown_9_menu_link_image_3":"","bottom_9_menu_image_9_link":"","bottom_right_9_menu_image_9_link":"","style_dropdown_mega_menu_10":"style_1","show_featured_product_menu_10":true,"menu_featured_product_list_collection_10":"","menu_featured_product_title_10":"Featured Products","dropdown_10_menu_link_image_6":"","dropdown_10_menu_link_image_7":"","dropdown_10_menu_link_image_3":"","bottom_10_menu_image_10_link":"","bottom_right_10_menu_image_10_link":"","collections_show_sale_circle":true,"collections_show_sold_out_circle":true,"collections_sort_enable":true,"collections_view_enable":true,"enable_quick_view":true,"enable_add_cart":true,"enable_wishlist":true,"display_color_variant":false,"collection_grid":"4","collection_results_per_page":"12","collection_infinite_scrolling":false,"display_availability":true,"display_product_type":true,"display_vendor":true,"enable_color_swatch":true,"enable_linked_option":true,"product_quantity_enable":true,"short_desc":true,"product_tab1":true,"product_tab1_heading":"Description","product_tab2":true,"product_tab2_heading":"Reviews","product_tab3":true,"product_tab3_heading":"Shipping details","product_tab3_page":"information","product_related_enable":true,"related_prds_heading":"Related Products","cart_notes_enable":true,"use_ajax_cart":true,"show_blog_4_content":true,"show_blog_4_img":true,"show_blog_4_author":true,"show_blog_4_btn":true,"show_blog_4_date":true,"enable_gmap":true,"contact_iframe_code":"<iframe src=\"https:\/\/www.google.com\/maps\/embed?pb=!1m18!1m12!1m3!1d48306.52213897709!2d-74.13418741882106!3d40.82450112220497!2m3!1f0!2f0!3f0!3m2!1i1024!2i768!4f13.1!3m3!1m2!1s0x89c252081eaeb49b%3A0xc8ac0e38c5f29665!2sEast%20Rutherford%2C%20NJ%2007073%2C%20USA!5e0!3m2!1sen!2s!4v1705411821965!5m2!1sen!2s\" width=\"600\" height=\"450\" style=\"border:0;\" allowfullscreen=\"\" loading=\"lazy\" referrerpolicy=\"no-referrer-when-downgrade\"><\/iframe>","enable_contact_address":true,"enable_contact_section":true,"contact_title_color":"#000","contact_phone":false,"contact_icon_1":"fa fa-phone","contact_module_contact_phonetitle":"call us","contact_phone1":"<b>Toll-Free: <\/b>0123-456-789","contact_phone2":"<b>Fax: <\/b>0123-456-789","contact_module_contact_title":"Contact Us","contact_module_email":true,"contact_icon_2":"fa fa-envelope","contact_module_email_1":"mahcartofficial@gmail.com","contact_module_email2":"","contact_module_address":true,"contact_icon_3":"fa fa-location-arrow","contact_module_address_title":"Location","contact_module_address1":"East Rutherford, New Jersey, 07073","contact_module_address2":"","display_popup_newsletter":true,"pop_up_newsletter_img_show":true,"popup_newsletter_bg":"#ffffff","popup_newsletter_title":"subscribe newsletter","popup_newsletter_message":"Subscribe our newsletters now and stay up-to-date with new collections, the latest updates and exclusive offers.","form_note":"Note:we do not spam","newsletter_form_action":"#","count_down_enable":true,"count_down_home":true,"count_down_collections":true,"count_down_prodetails":true,"home_productdeal_time":"1961232040029@6\/3\/2020_00:00:00","social_twitter_link":"","social_facebook_link":"https:\/\/www.facebook.com\/mahcartofficial\/","social_pinterest_link":"","social_google_plus_link":"mahcartofficial@gmail.com","social_instagram_link":"https:\/\/www.instagram.com\/mahcartoffcial\/","social_tumblr_link":"","social_youtube_link":"","social_vimeo_link":"","social_fancy_link":"","social_rss_link":"","social_sharing_products":true,"social_sharing_blog":true,"social_sharing_count":true,"share_facebook":true,"share_twitter":true,"share_pinterest":true,"share_google":true,"social_sharing_style":"normal","display_currency":true,"currency_1_unit":"CNY","currency_2_unit":"EUR","currency_3_unit":"GBP","currency_4_unit":"AUD","currency_5_unit":"INR","currency_6_unit":"USD","currency_7_unit":"","currency_8_unit":"","currency_9_unit":"","currency_10_unit":"","password_bg_img":true,"password_logo":true,"pwd_logo_max_width":"100","pwd_header":"Opening Soon","pwd_show_share_buttons":true,"pwd_social_message":"Spread the word","pwd_newsletter_enable":true,"pwd_newsletter_form_heading":"Be the first to know when we launch.","pwd_newsletter_placeholder":"Email address","pwd_newsletter_button_text":"Notify me","checkout_header_image":"","checkout_use_storefront_logo":true,"checkout_logo_image":"","checkout_logo_position":"left","checkout_logo_size":"medium","checkout_body_background_image":"","checkout_body_background_color":"#fff","checkout_input_background_color_mode":"white","checkout_sidebar_background_image":"","checkout_sidebar_background_color":"#fafafa","checkout_heading_font":"Helvetica Neue","checkout_body_font":"Helvetica Neue","checkout_accent_color":"#000000","checkout_button_color":"#000000","checkout_error_color":"#f45b4f","products_icon_bg":"#000000","products_icon_clr":"#ffffff","products_icon_hover_bg":"#7a7a7a","products_icon_hover_clr":"#ffffff","product_title_color":"#313131","product_price":"#313131","product_price_hover":"#7a7a7a","product_cmp_price":"#bcbcbc","product_label_color":"#000000","breadcrumb_bg_color":"#f4f4f4","breadcrumb_text_color":"#000000","breadcrumb_text_hover_color":"#7a7a7a","color_sold":"#000000","color_sold_text":"#ffffff","sale_bg":"#000000","sale_button_text":"#ffffff","enable_new":true,"related_prds_title":"From this Collection","border_color":"#fc381a","color_body_text":"#313131","color_primary_color":"#3bac44","title_border":"#fc381a","color_heading_type1_color":"#313131","color_heading_color":"#282828","dropdown_1_menu_link_image_1":"","dropdown_1_menu_link_image_2":"","dropdown_2_menu_link_image_1":"#","dropdown_2_menu_link_image_2":"#","dropdown_3_menu_link_image_1":"","dropdown_3_menu_link_image_2":"","dropdown_4_menu_link_image_1":"","dropdown_4_menu_link_image_2":"","dropdown_5_menu_link_image_1":"","dropdown_5_menu_link_image_2":"","dropdown_6_menu_link_image_1":"","dropdown_6_menu_link_image_2":"","dropdown_7_menu_link_image_1":"","dropdown_7_menu_link_image_2":"","dropdown_8_menu_link_image_1":"","dropdown_8_menu_link_image_2":"","dropdown_9_menu_link_image_1":"","dropdown_9_menu_link_image_2":"","dropdown_10_menu_link_image_1":"","dropdown_10_menu_link_image_2":"","show_blog_4_tag":true,"blog_design_4_describg":"#ffffff","blog_design_4_desboxshawdow":"#f4f4f4","blog_design_4_title":"#282828","blog_design_4_titlehover":"#fdba2d","blog_design_4_datecolor":"#000000","blog_design_4_authorcolor":"#000000","blog_design_commentcolor":"#000","blog_design_4_tag":"#000000","blog_design_4_taghover":"#c9a654","blog_btn_bg":"#c9a654","blog_btn_text":"#ffffff","blog_btn_hover_bg":"#000","blog_hover_btn_text":"#ffffff","show_blog_sidebar":true,"show_recent_articles":true,"show_recent_articles_img":true,"blog_article_limit":"3","show_blog_tags":true,"show_footer_tweets":true,"tweet_heading":"Latest Tweets","tweet_embcode":"<a class=\"twitter-timeline\" href=\"https:\/\/twitter.com\/iamdesigning\" data-widget-id=\"425498722839957505\" data-border-color=\"#fff\" data-tweet-limit=\"3\" data-chrome=\"nofooter noheader\">Tweets by @iamdesigning<\/a>\r\n<script>!function(d,s,id){var js,fjs=d.getElementsByTagName(s)[0],p=\/^http:\/.test(d.location)?'http':'https';if(!d.getElementById(id)){js=d.createElement(s);js.id=id;js.src=p+\":\/\/platform.twitter.com\/widgets.js\";fjs.parentNode.insertBefore(js,fjs);}}(document,\"script\",\"twitter-wjs\");<\/script>","cart_title_bg":"#000","cart_title_clr":"#ffffff","contact_bg_color":"rgba(0,0,0,0)","contact_detailbg_color":"#f8f8f9","contact_iconbg_color":"#2a5390","contact_iconhoverbg_color":"#000000","contact_icon_color":"#ffffff","contact_inputtxt_color":"#ffffff","contact_hovertxt_color":"#ffffff","enable_contact_hours":true,"contact_icon_4":"fa fa-clock-o","contact_module_hours_title":"Opening Hours","contact_module_hours1":"Mon – Sat 9 am to 7 pm","contact_module_hours2":"Sun – 9 am to 2 pm","contact_detailhoverbg_color":"#bec954","sidebar_bg":"#ffffff","enable_product_detail_link_icon":true,"collection_sidebar_use":"left_sidebar","use_custom_list_collection":true,"list-collections":"","top_to_btm":true,"prodetail_deal_label":true,"prodetail_deal_heading":"Deal End In:","new_bg":"#fdba2d","new_button_text":"#282828","offer_bg":"#2a5390","offer_button_text":"#ffffff","product_overlay":"#000000","box_shadow":"#000000","breadcrumb_bg_image":false,"other_font":"Google+Poppins","header_style_1":"style_5","use_sticky_header":true,"footer_style_1":"style_5","enable_multiple_currencies":true,"contact_bg_img":false,"products_border":"#000000","display_slideshow":"1","slideshow_type":"Flexslider","slideshow_speed":"8000","slideshow_transition":"slide","display_slideshow_1":"image","video_1":"","image_1_link":"","image_1_alt":"Lorem a Cosmo","slide-heading_1":"Lorem a Cosmo","slide_heading_color_1":"#ffffff","slide_heading_size_1":"40","slide-text_1":"Pellentesque posuere orci lobortis scelerisque blandit. Donec id tellus lacinia an, tincidunt risus ac, consequat velit. Quisquemos sodales suscipit tortor ditaemcos condimentum lacus meleifend menean viverra auctor blanditos comodous.","slide_text_color_1":"#ffffff","slide_text_size_1":"12","button-text_1":"Shop The Collection","text_align_slide_1":"left","display_slideshow_2":"image","video_2":"","image_2_link":"","image_2_alt":"Up to 30%* Off","slide-heading_2":"Up to 30%* Off","slide_heading_color_2":"#fff","slide_heading_size_2":"40","slide-text_2":"Praesent dapibus eleifend eu a justomos de milancelos","slide_text_color_2":"#fff","slide_text_size_2":"12","button-text_2":"Shop Now","text_align_slide_2":"left","display_slideshow_3":"image","video_3":"","image_3_link":"","image_3_alt":"Loremous","slide-heading_3":"Loremous","slide_heading_color_3":"#ffffff","slide_heading_size_3":"40","slide-text_3":"Pellentesque posuere orci lobortis scelerisque blandit. Donec id tellus lacinia an, tincidunt risus ac, consequat velit. Quisquemos sodales suscipit tortor ditaemcos condimentum lacus meleifend menean viverra auctor blanditos comodous.","slide_text_color_3":"#ffffff","slide_text_size_3":"12","button-text_3":"Shop The Collection","text_align_slide_3":"left","display_slideshow_4":"none","video_4":"","image_4_link":"","image_4_alt":"","slide-heading_4":"","slide_heading_color_4":"#fff","slide_heading_size_4":"40","slide-text_4":"","slide_text_color_4":"#fff","slide_text_size_4":"12","button-text_4":"","text_align_slide_4":"center","display_slideshow_5":"none","video_5":"","image_5_link":"","image_5_alt":"","slide-heading_5":"","slide_heading_color_5":"#fff","slide_heading_size_5":"40","slide-text_5":"","slide_text_color_5":"#fff","slide_text_size_5":"12","button-text_5":"","text_align_slide_5":"center","display_slideshow_6":"none","video_6":"","image_6_link":"","image_6_alt":"","slide-heading_6":"","slide_heading_color_6":"#fff","slide_heading_size_6":"40","slide-text_6":"","slide_text_color_6":"#fff","slide_text_size_6":"12","button-text_6":"","text_align_slide_6":"center","display_slideshow_7":"none","video_7":"","image_7_link":"","image_7_alt":"","slide-heading_7":"","slide_heading_color_7":"#fff","slide_heading_size_7":"40","slide-text_7":"","slide_text_color_7":"#fff","slide_text_size_7":"12","button-text_7":"","text_align_slide_7":"center","display_slideshow_8":"none","video_8":"","image_8_link":"","image_8_alt":"","slide-heading_8":"","slide_heading_color_8":"#fff","slide_heading_size_8":"40","slide-text_8":"","slide_text_color_8":"#fff","slide_text_size_8":"12","button-text_8":"","text_align_slide_8":"center","display_slideshow_9":"none","video_9":"","image_9_link":"","image_9_alt":"","slide-heading_9":"","slide_heading_color_9":"#fff","slide_heading_size_9":"40","slide-text_9":"","slide_text_color_9":"#fff","slide_text_size_9":"12","button-text_9":"","text_align_slide_9":"center","display_slideshow_10":"none","video_10":"","image_10_link":"","image_10_alt":"","slide-heading_10":"","slide_heading_color_10":"#fff","slide_heading_size_10":"40","slide-text_10":"","slide_text_color_10":"#fff","slide_text_size_10":"12","button-text_10":"","text_align_slide_10":"center","pop_up_newsletter_bg":"#e35959","bg_primary":"rgba(0,0,0,0)","slider_border_color":"#cbba9c","slider_1_text":"#cbba9c","slider_title":"#cbba9c","slider_desc":"#ffffff","slider_btn":"#cbba9c","slider_btn_text":"#ffffff","slider_btn_hover_bg":"#685f52","slider_btn_hover_bg_txt":"#ffffff","slider_2_text":"#cbba9c","slider_2_title":"#cbba9c","slider_2_desc":"#ffffff","slider_3_title":"#cbba9c","slider_3_desc":"#ffffff","about_text":"#eeeeee","use_alphabet_order":true,"collection_btn_text":"View Details","alphabet_active_bg":"#d6d3d3","brand_box_bg":"#f5f5f5","brand_box_border":"#d6d3d3","brand_box_odd_bg":"#e0e0e0","collection_bg_color":"#fafafa","icon_name":"icon-clock","color_top_bar_bg":"#f8df69","logo_bar_bg":"#ffffff","color_menu_bar_bg":"#ffffff","drop_down_bg":"#ffffff","color_footer_bg":"#ffffff","color_topbar_text":"#000000","color_topbar_links":"#000000","color_topbar_links_hover":"#ffffff","color_logobar_text":"#edb04a","color_header_text":"#000000","color_header_text_hover":"#cbba9c","color_sub_menu":"#000000","portfolio_links_bg":"#ffffff","portfolio_heading_color":"#ffffff","portfolio_overlay_color":"#cbba9c","portfolio_link_color":"#ffffff","portfolio_overlay_bg":"#685f52","portfolio_link_hover_color":"#ffffff","color_footer_news_btn_bg":"#636363","color_footer_news_btn_text":"#636363","color_footer_link_hover":"#636363","footer_menu_hover":"#636363","copyright_color":"#000000","copyright_link_color":"#fff","color_footer_text":"#000000","copyright_border":"#e4e4e4","color_topbar_text_hover":"#cbba9c","logo_bar_background":"#ffffff","color_topbar_bg":"#f8df69","menu_bg":"#333333","color_header_bg":"#ffffff","logo_background":"rgba(0,0,0,0)","show_header_phone":false,"header_phone_label":"TOLL FREE","header_phone_value":"(00) 000 111 222","show_header_email":false,"header_mail_label":"MAIL INFO","header_mail_value":"info@somedomain.com","show_topbar_menu":false,"top_bar_menu":"","left_aligned_logo":true,"show_header_lines":true,"header_search_enable":true,"display_minicart":true,"header_wishlist_enable":true,"color_menu_bg":"#000000","color_heading_color_2":"#000000","display_header_notes":true,"header_notes":"","collection_sidebar":true,"blog_design_4_articlbg":"#ffffff","show_blog_4_title":"1","product_btn_bg":"#000000","product_btn_text":"#000000","product_btn_hover_bg":"#cbba9c","product_btn_hover_text":"#ffffff","newsletter_bg_color":"#c14d4d","newsletter_bg_img_enable":false,"newsletter_input_bg_color":"#41e816","newsletter_input_text_color":"#66f42c","newsletter_btn_color":"#22ef29","newsletter_hoverbtn_color":"#0fdec9","use_retina_logo":true,"blog_author_enable":true,"slide_heading_color":"#000","slide_heading_size":"40","slide_text_color":"#2d2d2d","slide_text_size":"12","collections_vendor_enable":true,"intro_title_color":"#e89c2e","intro_text_color":"#de2e2e","intro_btn_bg":"#22d0bf","intro_btn_color":"#d23333","intro_btn_bg_hover":"#dc942d","intro_btn_hover_color":"#ffffff","show_about_6_sectionone":true,"intro_heading":"THE STORY OF US","introsub_heading":"Empire Collection","intro_content":"Lorem ipsum dolor sit amet, consectetuer adipiscing elit. Aenean commodo ligula eget dolor. Aenean massa. Cumsociis natoque penatibus et magnis dis parturient montes, nascetur ridiculus mus. Donec quam felis, ultricies magnis dis parturient montes, nascetur ridiculus mus.","intro_btn_text":"View details","intro_link":"","about_6_videobordercolor":"#000000","about_6_videocolor":"#000000","show_about_6_sectionseven":true,"about_6_teammainheading":"Our Team","about_6_teambordercolor":"#e4e4e4","team_info_bg":"#f4f4f4","team_info_bg_hover":"#1aa38a","about_6_teaminfocolor":"#685f52","team_info_bg_hover_color":"#ffffff","about_6_socialiconcolor":"#685f52","about_6_socialiconhovercolor":"#ffffff","about_6_socialiconhoverbg":"#685f52","show_about_6_teamone":true,"about_6_team_1_heading":"SUSAN TYLER","about_6_team_1_subheading":"Business Head","team_description_1":"Nunc eget feugiat ex. Aliquam accumsan commodo dapibus. Duis sed venenatis est. Vestibulum tem \r\nipsum ut molestie imperdiet.","about_6_team_1_facebook":"#","about_6_team_1_twitter":"#","about_6_team_1_googleplus":"#","about_6_team_1_instagram":"#","show_about_6_teamtwo":true,"about_6_team_2_heading":"ALVIN SCOTT","about_6_team_2_subheading":"Project Manager","team_description_2":"Nunc eget feugiat ex. Aliquam accumsan commodo dapibus. Duis sed venenatis est. Vestibulum tem \r\nipsum ut molestie imperdiet.","about_6_team_2_facebook":"#","about_6_team_2_twitter":"#","about_6_team_2_googleplus":"#","about_6_team_2_instagram":"#","show_about_6_teamthree":true,"about_6_team_3_heading":"SOFIA LOPEZ","about_6_team_3_subheading":"Graphic Designer","team_description_3":"Nunc eget feugiat ex. Aliquam accumsan commodo dapibus. Duis sed venenatis est. Vestibulum tem \r\nipsum ut molestie imperdiet.","about_6_team_3_facebook":"#","about_6_team_3_twitter":"#","about_6_team_3_googleplus":"#","about_6_team_3_instagram":"#","show_about_6_teamfour":true,"about_6_team_4_heading":"MARK YOUNG","about_6_team_4_subheading":"Web Developer","team_description_4":"Nunc eget feugiat ex. Aliquam accumsan commodo dapibus. Duis sed venenatis est. Vestibulum tem \r\nipsum ut molestie imperdiet.","about_6_team_4_facebook":"#","about_6_team_4_twitter":"#","about_6_team_4_googleplus":"#","about_6_team_4_instagram":"#","about_6_headingcolor":"#000000","about_6_headingbordercolor":"#000","about_6_paragraphcolor":"#685f52","show_abt_testimonials":true,"testimonial_title":"Testimonials","full-width-testimonial":false,"testimonial_bg_color":"#f4f4f4","testimonial_heading":"","testimonial_1_heading":"John Doe,","testimonial_1_subheading":"Cambridge Telcecom","testimonial_1_area":"Lorem ipsum dolor sit amet, consectetur adipiscing elit. Morbi hendrerit elit turpis, a porttitor tellus sollicitudin at. Class aptent taciti sociosqu ad litora torquent per conubia nostra, per inceptos himenaeos","testimonial_2_heading":"John Doe,","testimonial_2_subheading":"Cambridge Telcecom","testimonial_2_area":"Lorem ipsum dolor sit amet, consectetur adipiscing elit. Morbi hendrerit elit turpis, a porttitor tellus sollicitudin at. Class aptent taciti sociosqu ad litora torquent per conubia nostra, per inceptos himenaeos","testimonial_3_heading":"John Doe,","testimonial_3_subheading":"Cambridge Telcecom","testimonial_3_area":"Lorem ipsum dolor sit amet, consectetur adipiscing elit. Morbi hendrerit elit turpis, a porttitor tellus sollicitudin at. Class aptent taciti sociosqu ad litora torquent per conubia nostra, per inceptos himenaeos","testimonial_4_heading":"John Doe,","testimonial_4_subheading":"Cambridge Telcecom","testimonial_4_area":"Lorem ipsum dolor sit amet, consectetur adipiscing elit. Morbi hendrerit elit turpis, a porttitor tellus sollicitudin at. Class aptent taciti sociosqu ad litora torquent per conubia nostra, per inceptos himenaeos","testimonial_5_heading":"John Doe,","testimonial_5_subheading":"Cambridge Telcecom","testimonial_5_area":"Lorem ipsum dolor sit amet, consectetur adipiscing elit. Morbi hendrerit elit turpis, a porttitor tellus sollicitudin at. Class aptent taciti sociosqu ad litora torquent per conubia nostra, per inceptos himenaeos","testimonial_6_heading":"John Doe,","testimonial_6_subheading":"John Doe,","testimonial_6_area":"Lorem ipsum dolor sit amet, consectetur adipiscing elit. Morbi hendrerit elit turpis, a porttitor tellus sollicitudin at. Class aptent taciti sociosqu ad litora torquent per conubia nostra, per inceptos himenaeos","show_flipbox":"1","flipbox_title":"What We Do","panel_1_bg":"#f7f7f7","icon_text":"#ffffff","show_icon_image_1":"1","icon_1_name":"zmdi zmdi-file","icon_1_bg":"#82cfe1","icon_image_1_link":"","backside_content":"Pharetra massa, porta venenatis sem pharetra non. Fusce ullamcorper suscipit diam.","backsidebtn":"Read More","backsidebtn_link":"","show_icon_image_2":"1","icon_2_name":"zmdi zmdi-time","icon_2_bg":"#fb9fc1","icon_image_2_link":"","backside_content_2":"Pharetra massa, porta venenatis sem pharetra non. Fusce ullamcorper suscipit diam.","backsidebtn_2":"Read More","backsidebtn_link_2":"","show_icon_image_3":"1","icon_3_name":"zmdi zmdi-play-circle","icon_3_bg":"#f3df8c","icon_image_3_link":"","icon_image_3_alt":"Tutorial Videos","backside_content_3":"Pharetra massa, porta venenatis sem pharetra non. Fusce ullamcorper suscipit diam.","backsidebtn_3":"Read More","backsidebtn_link_3":"","show_icon_image_4":"1","icon_4_name":"zmdi zmdi-settings","icon_4_bg":"#d8c4b3","icon_image_4_link":"","icon_image_4_alt":"Quick & Easy","backside_content_4":"Pharetra massa, porta venenatis sem pharetra non. Fusce ullamcorper suscipit diam.","backsidebtn_4":"Read More","backsidebtn_link_4":"","tab_container":"1","tab_title":"OUR ACHIEVEMENTS","about_tab1":"1","about_tab_1_title":"MUSCLE VESTS","tab_content_title_1":"Nunc sollicitudin dignissim iaculis","tab_content_1":"Phasellus pharetra erat lorem, quis pulvinar felis vulputate porta. Morbi pellentesque massa et justo dapibus faucibus. Proin malesuada arcu ac lorem pellentesque, blandit vehicula ex tempus. Lorem ipsum dolor sit amet.\r\n\r\nIn hac habitasse platea dictumst. Aenean ornare justo in molestie venenatis. Etiam quis tortor molestie, fringilla quam non, blandit massa. Nullam rhoncus facilisis nunc, sed tempor lorem.","about_tab2":"1","about_tab_2_title":"ACTIVE TRACKSUITS","tab_content_title_2":"Fusce euismod conseuat ante","tab_content_2":"Phasellus pharetra erat lorem, quis pulvinar felis vulputate porta. Morbi pellentesque massa et justo dapibus faucibus. Proin malesuada arcu ac lorem pellentesque, blandit vehicula ex tempus. Lorem ipsum dolor sit amet.\r\n\r\nIn hac habitasse platea dictumst. Aenean ornare justo in molestie venenatis. Etiam quis tortor molestie, fringilla quam non, blandit massa. Nullam rhoncus facilisis nunc, sed tempor lorem.","about_tab3":"1","about_tab_3_title":"JUMPSUITS","tab_content_title_3":"Nullam suscipit nunc eu ipsum accumsan","tab_content_3":"Phasellus pharetra erat lorem, quis pulvinar felis vulputate porta. Morbi pellentesque massa et justo dapibus faucibus. Proin malesuada arcu ac lorem pellentesque, blandit vehicula ex tempus. Lorem ipsum dolor sit amet.\r\n\r\nIn hac habitasse platea dictumst. Aenean ornare justo in molestie venenatis. Etiam quis tortor molestie, fringilla quam non, blandit massa. Nullam rhoncus facilisis nunc, sed tempor lorem.","about_tab4":"1","about_tab_4_title":"WOMENS KURTIS","tab_content_title_4":"Vestibulum vestibulum eu lectus","tab_content_4":"Phasellus pharetra erat lorem, quis pulvinar felis vulputate porta. Morbi pellentesque massa et justo dapibus faucibus. Proin malesuada arcu ac lorem pellentesque, blandit vehicula ex tempus. Lorem ipsum dolor sit amet.\r\n\r\nIn hac habitasse platea dictumst. Aenean ornare justo in molestie venenatis. Etiam quis tortor molestie, fringilla quam non, blandit massa. Nullam rhoncus facilisis nunc, sed tempor lorem.","about_tab5":"1","about_tab_5_title":"ETHNIC WEAR","tab_content_title_5":"Curabitur facilisis, orci id venenatis","tab_content_5":"Phasellus pharetra erat lorem, quis pulvinar felis vulputate porta. Morbi pellentesque massa et justo dapibus faucibus. Proin malesuada arcu ac lorem pellentesque, blandit vehicula ex tempus. Lorem ipsum dolor sit amet.\r\n\r\nIn hac habitasse platea dictumst. Aenean ornare justo in molestie venenatis. Etiam quis tortor molestie, fringilla quam non, blandit massa. Nullam rhoncus facilisis nunc, sed tempor lorem.","video_heading":"2016 IN REVIEW","left_collections_title":"#d01f4c","collections_arrow":"#685f52","collections_arrow_hover_text":"#ffffff","right_collections_title":"#588ec4","icon_heading_color":"#685f52","icon_desc_color":"#685f52","collections_arrow_border":"#685f52","collections_arrow_bg":"#685f52","header_social_enable":"1","portfolio_block_2bg":"#aaccce","portfolio_block_bg":"#f39eaf","enable_faq_1":"1","enable_faq_2":"1","enable_faq_3":"1","enable_faq_4":"1","enable_faq_5":"1","enable_faq_6":"1","enable_faq_7":"1","enable_faq_8":"1","enable_faq_9":"1","enable_faq_10":"0","enable_faq_11":"0","enable_faq_12":"0","enable_faq_13":"0","enable_faq_14":"0","enable_faq_15":"0","enable_faq_16":"0","enable_faq_17":"0","enable_faq_18":"0","enable_faq_19":"0","enable_faq_20":"0","collections_items_enable":"1","section_6_heading_color":"#685f52","portfolio_description_color":"#808080","single_product_bg_color":"rgba(0,0,0,0)","home_team_bg_color":"#f5f5f5","color_footer_border":"#474747","color_secondary_color":"#685f52","home_content_bg":"#ffffff","about_social_bg":"#f8f8f8","social_btn_bg":"#f3f3f1","social_btn_bg_hover":"#1d9f92","social_btn_text":"#33353d","social_btn_text_hover":"#f8f8f8","newsletter_title_color":"#f21d1d","newsletter_desc_color":"#808080","list-collection_btn_text":"","color_footer_social_bg":"#ffffff","color_footer_social_link":"#474747","color_footer_social_bg_hover":"#1d9f92","color_footer_social_text_hover":"#ffffff","footer_menu_bg":"#151515","footer_menu_text":"#685f52","date_text":"#ffffff","blog_text":"#685f52","blog_title_hover":"#1d9f92","blog_text_hover":"#f05315","blog_author":"#ffffff","blog_btn_bg_hover":"#0e0202","blog_btn_text_hover":"#fff","blog_design_4_btnbgcolor":"rgba(0,0,0,0)","blog_design_4_btnrcolor":"#000000","blog_design_4_btnhover":"#000000","blog_design_4_btnhovercolor":"#ffffff","blog_design_4_descrcolor":"#000","icon_image_1_alt":"Fully Documented","icon_image_2_alt":"Lightning Quick","panel_4_bg":"#d84545","about_6_btnbg":"#000","about_6_btncolor":"#000","about_6_btnhoverborder":"#000","about_6_btnhoverbg":"#000","about_6_btnhovercolor":"#000","panel_2_bg":"#f7f7f7","panel_3_bg":"#000","show_about_6_sectiontwo":true,"about_6_sectiontwotext":"#000","show_about_6_sectionthree":true,"about_6_sectionthreearrowbg":"#000","about_6_sectionthreearrowcolor":"#000","about_6_sectionthreearrowhoverbg":"#000","about_6_sectionthreearrowhovercolor":"#000","about_6_sectionthreesliderdot":"#000","about_6_sliderimg1":true,"about_6_sliderimg2":true,"about_6_sliderimg3":true,"about_6_sliderimg4":false,"about_6_sliderimg5":false,"about_6_sectionfourbgcolor":"#000","about_6_sectionfourlistcolor":"#000","show_about_4_teamthree":true,"show_about_6_sectionfour":false,"show_about_6_sectionfive":false,"about_6_sectionfivelistcolor":"#000","show_about_6_contentimg":false,"show_about_6_sectionsix":false,"about_6_sectionsixbg":"#000","about_6_sectionsixlistcolor":"#000","about_6_sectionsixiconcolor":"#000","icon_heading_text":"","icon_heading_text_link":"","show_icon_image_5":true,"icon_image_5_link":"","icon_image_5_alt":"Fully Documented","panel_5_bg":"#000","backside_content_5":"We give a lot of time and effort to ensure our users love to use our themes. It makes us smile.","backsidebtn_5":"Read More","backsidebtn_link_5":"","show_about_3_section":true,"show_about_3_introsection":true,"about_3_introbgcolor":"#fbcc5b","show_about_3_numbersection":true,"about_3_numberbgcolor":"#ffffff","about_3_numbericoncolor":"#fbcc5b","about_3_numbercolor":"#000","about_3_numbertextcolor":"#000000","show_about_3_singleimgsection":true,"show_about_3_singlecontentsection":true,"about_3_singlecontentbgcolor":"#ffffff","about_3_singlecontentauthorcolor":"#ffffff","show_about_3_imgandcontentsection":true,"about_3_imgandcontentcolor":"#000","show_about_3_imgandcontentsectionblkone":true,"show_about_3_imgandcontentsectionblktwo":true,"show_about_3_testimonial":true,"about_3_testimonialimgbordercolor":"#000","about_3_testimonialimgborderhovercolor":"#000","about_3_testimonialbgcolor":"#000","about_3_testimonialauthorcolor":"#000","show_about_3_textblock":true,"about_3_textblockleftbgcolor":"#000","about_3_textblocklefttextcolor":"#000","about_3_textblockrightbgcolor":"#000","about_3_textblockrighttextcolor":"#000","show_about_3_contactform":true,"about_3_contactsectionbg":"#000","show_about_3_clientsection":true,"about_3_clientsectionbg":"#000","show_about_3_clientimg1":true,"about_3_clientlink_1":"","show_about_3_clientimg2":false,"about_3_clientlink_2":"","show_about_3_clientimg3":false,"about_3_clientlink_3":"","show_about_3_clientimg4":false,"about_3_clientlink_4":"","show_about_3_clientimg5":false,"about_3_clientlink_5":"","show_about_3_clientimg6":false,"about_3_clientlink_6":"","show_about_3_clientimg7":false,"about_3_clientlink_7":"","show_about_3_clientimg8":false,"about_3_clientlink_8":"","show_about_3_clientimg9":false,"about_3_clientlink_9":"","show_about_3_clientimg10":false,"about_3_clientlink_10":"","about_3_mainheading":"#000","about_3_paragraph":"#000","about_3_btnbg":"#000","about_3_btntext":"#000","about_3_btnhoverbg":"#000","about_3_btnhovercolor":"#000","color_boxed_bg":"#122543","use_megamenu_bg":"#ffffff","contact_module_address3":"164 Nguyen Xi, Binh Thanh,","contact_module_address4":"Ho Chi Minh City, Vietnam","contact_time_duration":true,"contact_module_timing_title":"Business Hours:","contact_day1":"Monday - Friday","contact_time1":"9am to 5pm","contact_day2":"Saturday","contact_time2":"9am to 1pm","contact_day3":"Sunday","contact_time3":"9am to 1pm","copyright_bgcolor":"#000000","display_fixtop_menu":true,"bg_cart_color_fixed_top":"#f02121","border_color_fixed_top":"#4d4d4d","nav_bg_color":"#141414","nav_link_top_color":"#d2d8db","nav_link_top_hover_color":"#090939","show_dropdown_arrow":false,"nav_dropdown_border_style":"solid","nav_dropdown_border_color":"#c5cacb","nav_dropdown_bg_color":"#fff","nav_dropdown_link_color":"#000","nav_dropdown_link_color_hover":"#000","use_brilliance_bg_image":true,"brilliance_bg_color":"#ec2929","brilliance_title_color":"#ffffff","brilliance_des_color":"#ffffff","brilliance_status_title_1_color":"#fe6b35","brilliance_status_title_2_color":"#665de5","brilliance_status_title_3_color":"#36a6a0","brilliance_status_title_4_color":"#f4d30f","use_testimonial_bg":true,"testimonial_overlay_bg":"#fff","testimonial_head_clr":"#33353d","testimonial_quote_bg":"#9f8a55","testimonial_quote_text":"#fff","testimonial_desc_clr":"#33353d","testimonial_author_txt_clr":"#33353d","testi_pagination_btn":"#33353d","client_heading_color":"#e62828","client_desc_color":"#808080","newsletter_btn_bgcolor":"#9f8a55","newsletter_hoverbtn_bgcolor":"#f4d30f","use_megamenu":true,"mega_menu_linklist":"main-menu","mega_one":"shop","use_megamenu_options":true,"use_mega_featured_image_1":false,"mega_two":"bag","use_mega_featured_image_2":true,"mega_three":"shoes","use_mega_featured_image_3":false,"mega_four":"","use_mega_featured_image_4":false,"mega_five":"","use_mega_featured_image_5":false,"mega_six":"","use_mega_featured_image_6":false,"mega_seven":"","use_mega_featured_image_7":false,"mega_eight":"","use_mega_featured_image_8":false,"mega_nine":"","use_mega_featured_image_9":false,"mega_ten":"","use_mega_featured_image_10":false,"portfolio_title":"#000000","portfolio_type":"#000000","portfolio_links_text":"#ffffff","portfolio_links_bg_hover":"#9f8a55","portfolio_links_text_hover":"#ffffff","service_title":"#000000","service_description":"#808080","service_section_bg_color":"#f5f5f5","service_icon_bg_color":"#f5f5f5","service_icon_2_bg_color":"#f5f5f5","service_icon_3_bg_color":"#f5f5f5","service_icon_4_bg_color":"#f5f5f5","service_top_heading_color":"#000","service_top_description_color":"#808080","service_bottom_heading_color":"#000","service_bottom_description_color":"#808080","portfolio_tag_color":"#000","portfolio_tag_bg_color":"#9f8a55","portfolio_tag_hover_color":"#9f8a55","checkout_use_header_image":false,"checkout_logo":"","checkout_use_body_background_image":false,"checkout_use_sidebar_background_image":false,"blog_design_4_blogbg":"#f7f7f7","show_about_4_slidersection":true,"show_video":false,"show_promo_img":true,"video_bg_color":"#ffffff","auto_play":true,"play_continue":true,"promo_video_code":"https:\/\/cdn.shopify.com\/s\/files\/1\/1082\/4112\/files\/downhill.mp4?310029776305845538","show_about_4_contentsection":true,"about_4_mainheadingcolor":"#000000","about_4_mainheadingsepcolor":"#9f8a55","about_4_paragraphcolor":"#ffffff","about_4_sectiononecontentbg":"#000000","about_4_sectiononecontentcolor":"#ffffff","about_4_sectiononevideobgcolor":"#9f8a55","about_4_sectiononevideocolor":"#ffffff","about_4_sectiononevideohoverbgcolor":"#ffffff","about_4_sectiononevideohovercolor":"#9f8a55","show_about_4_listsection":true,"about_4_sectiontwobgcolor":"#e7e7e7","about_4_sectiontwobordercolor":"#9f8a55","about_4_sectiontwolistcolor":"#8e8b90","about_4_sectiontwolisthoverbg":"#9f8a55","about_4_sectiontwolisthovercolor":"#ffffff","show_about_4_teamsection":true,"about_4_sectionthreebg":"#000","about_4_sectionthreecolor":"#ffffff","about_4_sectionthreebordercolor":"#ffffff","about_4_sectionthreelistcolor":"#9f8a55","about_4_sectionthreebottombordercolor":"#666666","show_about_4_leadersection":true,"about_4_sectionfourborder":"#000","about_4_sectionfourbg":"#eae9ea","about_4_sectionfourheading":"#9f8a55","about_4_sectionfoursubheading":"#999999","about_4_sectionfourhoverbg":"#9f8a55","about_4_sectionfourhovercolor":"#ffffff","show_about_4_mapsection":true,"show_about_4_clientsection":true,"about_4_sectionsixiconcolor":"#9b9c9c","about_4_sectionsixheadingcolor":"#000000","about_4_sectionsixdetailcolor":"#9b9c9c","about_4_sectionsixhovercolor":"#ffffff","about_4_sectionsixlinkhovercolor":"#9f8a55","arrival_bg_color":"#f4f4f4","show_home_slider":true,"slider_home_auto":true,"slider_home_show_dots":true,"slider_home_rate":"7000","show_home_custom_collections":true,"show_home_new_products":true,"home_new_products":"best-selling-products","show_home_featured_products":true,"home_featured_products":"featureblogfive","show_home_sale_products":true,"home_sale_products":"newest-products","enable_menu_1":true,"footer_menu_1":"footer-links-1","enable_menu_2":true,"footer_menu_2":"footer-links-2","enable_menu_3":true,"footer_menu_3":"footer-links-3","footer_contact_enable":true,"footer_address":true,"footer_email":true,"footer_phone":true,"footer_fax_no":true,"footer_contact_link":"","footer_logo_enable":true,"retina_footer_logo_enable":true,"footer_social_enable":true,"footer_about_section":true,"footer_blog_section":true,"pick_footer_blog":"news","show_footer_best_products":false,"footer_bestseller_collection":"","footer_bestseller_collection_limit":"4","enable_footer_by_tags":true,"use_footer_tags":true,"use_footer_links":true,"footer_menu_4":"","footer_by_tags_list_tags":"","footer_show_methods_of_payment":true,"accept_visa":true,"accept_mastercard":true,"accept_amex":true,"accept_discover":true,"accept_paypal":true,"accept_google":true,"use_footer_bottom":true,"footer_bottom_menu":true,"footer_bottom_menu_list":"","contact_social_icons":false,"contact_fax_no":true,"sidebar_title_border":"#eeeeee","show_blog_4_section":true,"show_promo_video":true,"promo_images_btn_link":"","text_product_type":"Product Type","include_category":true,"sidebar_title_bg":"#eeeeee","featured_collection":"sidebar-categories","show_best_products":true,"sidebar_bestseller_collection":"new-arrivals","sidebar_bestseller_collection_limit":"4","enable_sidebar_multiple_choice":true,"filter_checkbox_color":"#191919","enable_shop_by_tags_1":true,"shop_by_tags_1_title":"Shop By Color","shop_by_color_text_1":"Beige","shop_by_color_text_2":"Red","shop_by_color_text_3":"White","shop_by_color_text_4":"Pink","shop_by_color_text_5":"Silver","shop_by_color_text_6":"Blue","shop_by_color_text_7":"Gray","shop_by_color_text_8":"Black","shop_by_color_text_9":"Green","shop_by_color_text_10":"Brown","shop_by_color_text_11":"","shop_by_color_text_12":"","shop_by_color_text_13":"","shop_by_color_text_14":"","shop_by_color_text_15":"","shop_by_color_text_16":"","shop_by_color_text_17":"","shop_by_color_text_18":"","shop_by_color_text_19":"","shop_by_color_text_20":"","enable_shop_by_tags_2":true,"shop_by_tags_2_title":"Shop By Size","shop_by_tags_2_list_tags":"XS, S, M, L, XL","enable_shop_by_tags_3":true,"shop_by_tags_3_title":"Shop by Price","shop_by_tags_3_list_tags":"$100 - $200, $200 - $300,  $300 - $400, $400 - $500, $500 - $700, $700 - $1000","enable_shop_by_tags_4":true,"shop_by_tags_4_title":"Shop by brand","shop_by_tags_4_list_tags":"Lexril, Ninga, Nike, Yewp, Minam","sidebar_promo_img":true,"promo_img1_link":"\/collections\/all","promo_image1_name":"Promo Text 1","promo_img2_link":"\/collections\/all","promo_image2_name":"Promo Text 2","promo_image3_name":"Promo Text 3","promo_img3_link":"\/collections\/all","use_rtl":false,"display_header_social_icons":true,"home_featured_products_num":"4","home_featured_products_row_num":"1","show_service_details":true,"icon_5_name":"font","icon_6_name":"tablet","icon_7_name":"code","icon_8_name":"diamond","show_service":true,"show_service_icon_bg_img":true,"show_service_icon_1":true,"service_icon_1_link":"","show_service_icon_2_bg_img":true,"show_service_icon_2":true,"service_icon_2_link":"","show_service_icon_3_bg_img":true,"show_service_icon_3":true,"service_icon_3_link":"","show_service_icon_4_bg_img":true,"show_service_icon_4":true,"service_icon_4_link":"","service_bottomlink":false,"show_portfolio_section":true,"show_portfolio":true,"portfolio_image_limit":"8","show_featured_blog_post":true,"pick_featured_blog":"news","limit_featured_blog":"3","show_blog_tag":true,"show_featured_date":true,"blog_description":true,"show_portfolio_parallax_section":true,"show_home_testimonials":true,"show_client_logo":true,"show_client_image1":true,"client_image1_name":"Vintage Style","client_image1_link":"#","show_client_image2":true,"client_image2_name":"Vintage Style","client_image2_link":"#","show_client_image3":true,"client_image3_name":"Vintage Style","client_image3_link":"#","show_client_image4":true,"client_image4_name":"Vintage Style","client_image4_link":"#","show_client_image5":true,"client_image5_name":"Vintage Style","client_image5_link":"#","show_client_image6":true,"client_image6_name":"Vintage Style","client_image6_link":"#","show_client_image7":true,"client_image7_name":"Vintage Style","client_image7_link":"#","show_client_image8":true,"client_image8_name":"Vintage Style","client_image8_link":"#","show_client_image9":false,"client_image9_name":"Vintage Style","client_image9_link":"#","show_client_image10":false,"client_image10_name":"Vintage Style","client_image10_link":"#","display_footer_newsletter":true,"section_4":true,"section_4_bg":"#f3f3f3","section_4_title":"#000000","section_4_description":"#000000","section_4_btn_bg":"#f05315","section_4_bg_text":"#ffffff","section_4_btn_hover_bg":"#f4d30f","section_4_bg_text_hover":"#ffffff","show_about_4_section":true,"home_welcome_text":true,"home_about_author":true,"about_social":true,"signature_show":true,"home_welcome_text_link":"","show_home_about_1":true,"show_home_about_2":true,"show_home_about_3":true,"footer_option":"f_type_1","about_social_btn_bg_hover":"","about_social_btn_text":"","about_social_btn_text_hover":"","slider_home_transition":"slide","slide_1":true,"slide_1_link":"\/collections\/all","slide_1_alt":"Slide 1","slide_2":true,"slide_2_link":"\/collections\/all","slide_2_alt":"Slide 2","slide_3":false,"slide_3_link":"","slide_3_alt":"Slide 3","slide_4":false,"slide_4_link":"","slide_4_alt":"","slide_5":false,"slide_5_link":"","slide_5_alt":"","slide_6":false,"slide_6_link":"","slide_6_alt":"","about_social_btn_bg":"","blog_design_4_bg":"#ffffff","blog_design_4_btnbordercolor":"#f17eb9","header_bg":"#33353d","portfolio_tag_hover_bg_color":"#f05315","show_blog_comments":true,"welcome_content_enable":true,"abt_bottom_link":"","show_expert_section":true,"team_1":true,"team_1_caption_link":"","team_1_social_facebook":true,"team_fb_link_1":"","team_1_social_twitter":true,"team_tw_link_1":"","team_1_social_flickr":true,"team_fl_link_1":"","team_1_social_pinterest":false,"team_pin_link_1":"","team_1_social_youtube":false,"team_yt_link_1":"","team_2":true,"team_2_caption_link":"","team_2_social_facebook":true,"team_fb_link_2":"","team_2_social_twitter":true,"team_tw_link_2":"","team_2_social_flickr":true,"team_fl_link_2":"","team_2_social_pinterest":false,"team_pin_link_2":"","team_2_social_youtube":false,"team_yt_link_2":"","team_3":true,"team_3_caption_link":"","team_3_social_facebook":true,"team_fb_link_3":"","team_3_social_twitter":true,"team_tw_link_3":"","team_3_social_flickr":true,"team_fl_link_3":"","team_3_social_pinterest":false,"team_pin_link_3":"","team_3_social_youtube":false,"team_yt_link_3":"","team_4":true,"team_4_caption_link":"","team_4_social_facebook":true,"team_fb_link_4":"","team_4_social_twitter":true,"team_tw_link_4":"","team_4_social_flickr":true,"team_fl_link_4":"","team_4_social_pinterest":false,"team_pin_link_4":"","team_4_social_youtube":false,"team_yt_link_4":"","show_about_client_logo":false,"show_intro_box":true,"intro_btn_link":"","use_mobile_app_section":true,"display_home_team":true,"portfolio_tag_1":"New","portfolio_tag_2":"Games","portfolio_tag_3":"Indoor","portfolio_tag_4":"Landscape","portfolio_tag_5":"Outdoor","portfolio_tag_6":"Sports","portfolio_tag_7":"Color","portfolio_parallax_section_title":"OUR LEVEL OF brilliance","portfolio_parallax_section_detail":"Professional & Outstanding ideas of our passionate team makes us unique in every sense. Our Services. Our services are delivered by our team with years of experience are passionate about developing business.","chart_1_percentage":"90","chart_2_percentage":"80","chart_3_percentage":"66","chart_4_percentage":"60","chart_1__title":"GRAPHIC DESIGN","chart_2__title":"WEB DEVELOPMENT","chart_3__title":"WEB DESIGN","chart_4__title":"CUSTOMER SUPPORT","display_mail":true,"display_phone_no":true,"include_filter_no_1":true,"filter_no_1_linklist":"","include_filter_no_2":true,"filter_no_2_linklist":"","include_filter_no_3":true,"filter_no_3_linklist":"","collection_2_bg_color":"#191919","collection_3_bg_color":"#191919","collection_text_color":"#ffffff","home_featured_items":false,"show_featured_item_1":true,"home_featured_item_1_alttext":"featured item 1","home_featured_item_1_link":"\/collections\/all","show_featured_item_2":true,"home_featured_item_2_alttext":"featured item 2","home_featured_item_2_link":"#","show_featured_item_3":true,"home_featured_item_3_alttext":"","home_featured_item_3_link":"","show_single_product":true,"single_product_bg_img":true,"show_single_related_product":true,"single_product_related_items":"","single_collection_limit":"4","banner_cnt_bg_color":"#000","enable_banner_left_img":true,"banner_with_cnt":"","banner_cnt_icon_1":true,"banner_cnt_icon_1_link":"","banner_cnt_icon_2":true,"banner_cnt_icon_2_link":"","banner_cnt_icon_3":true,"banner_cnt_icon_3_link":"","service_bg_color":"#d4d4d4","material_icon_name_1":"opacity","material_icon_name_2":"mic_none","material_icon_name_3":"equalizer","newsletter_bg_color_enable":false,"show_home_best_selling_products":"1","home_best_selling_products":"accessories","show_multiple_currencies":true,"currency_format":"money_format","supported_currencies":"CAD USD EUR INR PHP","default_currency":"CAD","product_bg_1":"#e8e7e7","product_bg_2":"#f5f5f5","show_promo_image_4":true,"promo_image_4_link":"@","promo_image_4_alt":"Bottom promo image 2","featured_collection_limit":"8","show_home_arrival_products":true,"home_arrival_products":"single-bottle-spray","arrival_collection_limit":"4","home_featured_collections":true,"show_featured_collection_1":true,"home_featured_collection_1_alt_text":"featured collection 1","home_featured_collection_1_link":"","show_featured_collection_2":true,"home_featured_collection_2_alt_text":"featured collection 2","home_featured_collection_2_link":"","show_featured_collection_3":true,"home_featured_collection_3_alt_text":"featured collection 3","home_featured_collection_3_link":"","home_page_show_featured_content":true,"home_page_content":"wide-range-of-collections","show_promo_image_3":true,"show_deal_collection":true,"deal_products_heading":"The best Sale Off","deal_products_sub_heading":"On Shop","deal_percentage_value":"50%","deal_end_date":"january 10, 2017","deal_button":"Shop now","deal_button_link":"#","header_option":"type_1","mega_11":"","mega_12":"","mega_13":"","mega_14":"","mega_15":"","mega_16":"","mega_17":"","mega_18":"","mega_19":"","mega_20":"","footer_menu_1_title":"My Account","footer_menu_2_title":"Information","footer_menu_3_title":"Support","footer_contact_text":"520,West valey, Anim ad minim,<br>\r\n+91 1234567890<br>\r\n(001) 981452875","footer_contact_link_text":"info@domainname.com","footer_column_2_title":"Blog post","footer_column_3_title":"Instagram","footer_column_1_title":"About us","footer_welcome_text":"Lorem ipsum dolor sit amet, consectetur adipiscing elit, sed do eiusmod tempor incididunt ut labore et dolore magna aliqua. Ut enim ad minim veniam, quis nostrud exercitation ullamco laboris nisi ut aliquip ex ea commodo consequat. Duis aute irure dolor in repreh","home_featured_item_1_heading":"New design","home_featured_item_1_sub_heading":"There are many variations of passages of Lorem Ipsum available, but the majority have suffered alteration in some form, by injected humour, or randomised words which don't look even slightly believable. If you are going to use a passage of Lorem Ipsum, you need to be sure there isn't anything embarrassing hidden in the middle of text. All the Lorem Ipsum generators on the Internet tend to repeat predefined chunks as necessary.","home_featured_item_1_btn_text":"Get it now","home_featured_item_2_heading":"The Biggest","home_featured_item_2_sub_heading":"There are many variations of passages of Lorem Ipsum available, but the majority have suffered alteration in some form, by injected humour, or randomised words which don't look even slightly believable. If you are going to use a passage of Lorem Ipsum, you need to be sure there isn't anything embarrassing hidden in the middle of text. All the Lorem Ipsum generators on the Internet tend to repeat predefined chunks as necessary.","home_featured_item_2_btn_text":"Go to shop","text_availability":"Availability","text_vendor":"Vendor","product_tab3_detail":"Write a few sentences to tell people about your store (the kind of products you sell, your mission, etc). You can also add images and videos to help tell your story and generate more interest in your shop.\r\n\r\nTo edit the content on this page, go to the Pages section of your Shopify admin.","abt_bottom_heading":"An Multipurpose & Creative assembley of  fashion store","abt_bottom_desc":"There are many variations of passages of Lorem Ipsum available, but the majority have suffered alteration in some form, by injected humour, or randomised words which don't look even slightly believable. Lorem Ipsum available, but the majority have suffered alteration in some form. Vivamus adipiscing lobortis sagittis. Nullam tempus mauris dolor, ac malesuada arcu. Praesent dolor quam, tincidunt in sollicitudin sit amet, volutpat sed velit. Nullam non neque ipsum.\r\nLorem ipsum dolor sit amet, consectetur adipiscing elit. Morbi euismod diam eu arcu volutpat ut\r\n\r\n\r\n adipiscing sem auctor. Vivamus adipiscing lobortis sagittis. Nullam tempus mauris dolor, ac malesuada arcu. Praesent dolor quam, tincidunt in sollicitudin sit amet, volutpat sed velit. Nullam non neque ipsum.","abt_bottom_desc2":"There are many variations of passages of Lorem Ipsum available, but the majority have suffered alteration in some form, by injected humour, or randomised words which don't look even slightly believable. Lorem Ipsum available, but the majority have suffered alteration in some form. Vivamus adipiscing lobortis sagittis. Nullam tempus mauris","abt_bottom_link_text":"Read more","expert_section_heading":"Our Design Experts","team_1_caption":"Malesuada","team_1_subtitle":"Art Director","team1_desc":"Lorem ipsum dolor sit amet, consectetur adipiscing elit. Morbi euismod diam eu arcu volutpat ut\r\n\r\n\r\n adipiscing sem auctor. Vivamus adipiscing lobortis sagittis. Nullam tempus mauris dolor, ac malesuada arcu. Praesent dolor quam, tincidunt in sollicitudin sit amet, volutpat sed velit. Nullam non neque ipsum.","team_2_caption":"Malesuada","team_2_subtitle":"Art Director","team2_desc":"Lorem ipsum dolor sit amet, consectetur adipiscing elit. Morbi euismod diam eu arcu volutpat ut\r\n\r\n\r\n adipiscing sem auctor. Vivamus adipiscing lobortis sagittis. Nullam tempus mauris dolor, ac malesuada arcu. Praesent dolor quam, tincidunt in sollicitudin sit amet, volutpat sed velit. Nullam non neque ipsum.","team_3_caption":"Malesuada","team_3_subtitle":"Art Director","team3_desc":"Lorem ipsum dolor sit amet, consectetur adipiscing elit. Morbi euismod diam eu arcu volutpat ut\r\n\r\n\r\n adipiscing sem auctor. Vivamus adipiscing lobortis sagittis. Nullam tempus mauris dolor, ac malesuada arcu. Praesent dolor quam, tincidunt in sollicitudin sit amet, volutpat sed velit. Nullam non neque ipsum.","team_4_caption":"Malesuada","team__subtitle":"Art Director","team4_desc":"Lorem ipsum dolor sit amet, consectetur adipiscing elit. Morbi euismod diam eu arcu volutpat ut\r\n\r\n\r\n adipiscing sem auctor. Vivamus adipiscing lobortis sagittis. Nullam tempus mauris dolor, ac malesuada arcu. Praesent dolor quam, tincidunt in sollicitudin sit amet, volutpat sed velit. Nullam non neque ipsum.","intro_title":"<span>Promo Ads <\/span> that Enhances your Website to display in another level","intro_sub_title":"veritatis et quasi architecto beatae vitae dicta sunt explicabo.","mobile_phone_title1":"Totally Responsive","mobile_app_des1":"Suspendisse urna nibh, viverra non, semper suscipit, posuere a, pede.","mobile_phone_title2":"Different Header Types","mobile_app_des2":"Suspendisse urna nibh, viverra non, semper suscipit, posuere a, pede.","mobile_phone_title3":"Highly Customizable","mobile_app_des3":"Suspendisse urna nibh, viverra non, semper suscipit, posuere a, pede.","mobile_phone_title4":"Different css 3 Styles","mobile_app_des4":"Suspendisse urna nibh, viverra non, semper suscipit, posuere a, pede.","mobile_phone_title5":"GOOGLE FONTS","mobile_app_des5":"Suspendisse urna nibh, viverra non, semper suscipit, posuere a, pede.","mobile_phone_title6":"Retina ready","mobile_app_des6":"Suspendisse urna nibh, viverra non, semper suscipit, posuere a, pede.","mobile_phone_title7":"Lots of SHortcodes","mobile_app_des7":"Suspendisse urna nibh, viverra non, semper suscipit, posuere a, pede.","mobile_phone_title8":"Multiple Demos","mobile_app_des8":"Suspendisse urna nibh, viverra non, semper suscipit, posuere a, pede.","featured_collections_title":"Categories","bestseller_products_title":"Best sellers","filter_no_1_label":"Colors","filter_no_2_label":"Size","filter_no_3_label":"Brands","tag_bg":"#191919","tag_bg_hover":"#191919","collection_tag_title":"Popular tags","postcode":"","social_icons_title":"Follow Us","show_home_collection_4_products":true,"home_collection_4_products":"teardrop-spray-bottle","show_featured_item_4":true,"home_featured_item_4_alttext":"Minimal","home_featured_item_4_link":"#","home_featured_item_4_heading":"Minimal","home_featured_item_4_sub_heading":"There are many variations of passages of Lorem Ipsum available, but the majority have suffered alteration in some form, by injected humour, or randomised words which don't look even slightly believable. If you are going to use a passage of Lorem Ipsum, you need to be sure there isn't anything embarrassing hidden in the middle of text. All the Lorem Ipsum generators on the Internet tend to repeat predefined chunks as necessary.","home_featured_item_4_btn_text":"Shop Now","instagram_title":"Instagram","show_footer_instagram":false,"images_per_row":"3","resolution_images":"thumbnail","instagram_locationId":"","header_option_1":false,"header_option_2":false,"header_option_3":true,"header_option_4":false,"header_option_5":false,"header_option_6":false,"header_option_7":false,"user_mail":"mail@somedomain.com","phone_no":"+84 935 815 989","skype":"mr.crazykv","header_message_1":"20% OFF <small>all fashion clothes<\/small>","header_message_2":"End 18th, NOV 2015","collections_tags_enable":true,"show_promo_image_img":true,"promo_image_1_link":"#","promo_image_1_alt_text":"accessories_img","home_featured_item_3_alt_text":"featured item 3","home_featured_item_4_alt_text":"","home_sale_products_heading":"Wearability","home_custom_products_heading":"Best Sale products","home_featured_products_heading":"Accessories","mega_1":"fashion-accessory","mega_2":"","mega_3":"","mega_4":"","mega_5":"","mega_6":"","mega_7":"","mega_8":"","mega_9":"","mega_10":"","collections_center_grid_link":false,"bg_image":"","bg_image_display":"tile","home_best_selling_products_num":"4","home_best_selling_products_row_num":"1","product_vendor_enable":true,"newsletter_enable":false,"newsletter_img_enable":true,"newsletter_bg":"#122543","popup_newsletter_sub_title":"","home_featured_item_1_btn_link":"#","home_featured_item_2_btn_link":"#","home_featured_item_3_heading":"Men's Fashions","home_featured_item_3_sub_heading":"Mid Season Sale","home_featured_item_3_btn_text":"View collection","home_featured_item_3_btn_link":"#","promobanner_bg":"#135ed6","promo_image_1_title":"50% OFF","promo_image_1_desc":"On your first order","promo_image_1_link_text":"Shop Now","show_featured_collection_4":true,"home_featured_collection_4_btn_text":"SUMMER SALE","home_featured_collection_4_btn_link":"#","promo_image_3_text":"Shop now","promo_image_3_link":"#","promo_image_3_alt":"Bottom promo image 1","primary_hover_btn_border":"#fff","home_featured_collection_1_btn_text":"WOMEN","home_featured_collection_1_btn_link":"#","home_featured_collection_2_btn_text":"MEN","home_featured_collection_2_btn_link":"#","home_featured_collection_3_btn_text":"SUNGLASSES","home_featured_collection_3_btn_link":"#","deal_collection":"best-selling","home_new_products_heading":"Men","home_page_show_heading":"1","home_page_full_width":"1","home_new_products_num":"4","home_new_products_row_num":"1","client_image_heading":"Our Brands","show_ins":true,"ins_title":"Follow on instagram","ins_client_id":"bf36974dab61492aa26bd3ea2c92cefe","ins_user_name":"shopify","ins_count":"5","ins_profile_desc":"Sed ut perspiciatis unde omnis iste natus error sit voluptatem accusantium doloremque laudantium","ins_profile_link_text":"LOAD MORE","ins_profile_link":"#","show_promo_image_1":"1","promo_image_1_alt":"Promo image","show_promo_image_2":true,"promo_image_2_link":"","promo_image_2_alt":"","share_fancy":true,"color_secondary":"#11b10d","color_button_secondary_text":"#ffffff","header_currency":"Language","type_base_family":"Google_Open+Sans_400,700_sans","type_header_family":"Google_Open+Sans_400_sans","type_header_size":"32px","type_accent_family":"Google_Open+Sans_400_sans","type_accent_size":"16px","type_accent_transform":false,"type_accent_spacing":false,"header_message":"20% OFF on all Fashion clothes,<br> End 30th Dec 2015","enable_wide_layout":true,"product_image_zoom_type":"lightbox","product_thumbnails_position":"below","nav_below_logo":"1","accept_bitcoin":true,"footer_blog_enable":"0","footer_blog":"","footer_quicklinks_enable":true,"footer_quicklinks_linklist":"footer","footer_second_menu_enable":false,"footer_second_menu":"","footer_newsletter_enable":true,"home_featured_collections_sort":"auto","collection_1":"","collection_2":"","collection_3":"","collection_4":"","collection_5":"","home_section_1":"slider","home_section_2":"home-content","home_section_3":"featured-products","home_section_4":"promo-images","home_section_5":"featured-collections","home_show_headings":true,"twittercard_handle":"","sections":{"sidebar-colors":{"type":"sidebar-colors","blocks":{"1477476823589":{"type":"image","settings":{"title":"Red"}},"1477476837114":{"type":"image","settings":{"title":"Yellow"}},"1477476859401":{"type":"image","settings":{"title":"Orange"}},"1477476872443":{"type":"image","settings":{"title":"Black"}},"1477476891997":{"type":"image","settings":{"title":"Pink"}},"1477476905451":{"type":"image","settings":{"title":"Brown"}},"1482228069572":{"type":"image","settings":{"title":"Cyan"}},"1482228095184":{"type":"image","settings":{"title":"Gold"}},"1482228109496":{"type":"image","settings":{"title":"Blue"}},"1482228137200":{"type":"image","settings":{"title":"Sandal"}},"1483084527056":{"type":"image","settings":{"title":"White"}},"1484636120483":{"type":"image","settings":{"title":"Purple"}},"1484636147483":{"type":"image","settings":{"title":"Green"}},"1484636180371":{"type":"image","settings":{"title":"Salmon"}}},"block_order":["1477476823589","1477476837114","1477476859401","1477476872443","1477476891997","1477476905451","1482228069572","1482228095184","1482228109496","1482228137200","1483084527056","1484636120483","1484636147483","1484636180371"],"settings":{"enable_sidebar_multiple_choice":true,"enable_shop_by_tags_1":true,"shop_by_tags_1_title":"color"}},"sidebar-tag-filters":{"type":"sidebar-tag-filters","blocks":{"1477476983857":{"type":"text","settings":{"enable_shop_by_tags":true,"shop_by_tags_title":"brand","shop_by_tags_list":"adidas,puma,levi's,zara"}},"1477477078599":{"type":"text","settings":{"enable_shop_by_tags":true,"shop_by_tags_title":"price","shop_by_tags_list":"100-500,80-200,250-500,300-900,900-1500"}},"1486453499362":{"type":"text","settings":{"enable_shop_by_tags":true,"shop_by_tags_title":"size","shop_by_tags_list":"Small,Medium,Large"}}},"block_order":["1477476983857","1477477078599","1486453499362"],"settings":{"enable_sidebar_multiple_choice":true}},"header":{"type":"header","settings":{"display_top_bar":true,"display_currency":true,"display_search":true,"display_minicart":true,"display_wishlist":true,"service1":"Free & Fast USA Delivery from Mahcart! Shop with confidence"}},"footer":{"type":"footer","settings":{"offercontact":true,"offer":"we offer 24\/7 dedicated support","offer1":"Drop a message, and we'll hustle to get back to you pronto!","link1":"shopify:\/\/pages\/contact","show_newsletter":true,"heading":"newslettr","desc":"Send Mahcart a Message.","footer_title":"#ffffff","display_header_social":true,"footer_menu_1_title":"Categories","footer_menu_1":"footer-categories","footer_menu_2_title":"Services","footer_menu_2":"footer","footer_menu_3_title":"","footer_menu_3":"","show_contact":true,"footer_menu_4_title":"Contact us","footer_address":"New Jersey, USA","footer_contact_no":"","footer_contact_id":"mahcartofficial@gmail.com <br><br> <span><a href=\"https:\/\/mahcart.com\/pages\/about-us\">Welcome to Mahcart, where your online shopping experience is elevated through a curated selection of products spanning various categories.<\/a><\/span>","footer_contact_link":"https:\/\/www.instagram.com\/mahcartoffcial\/","use_footer_bottom":true,"copyright":"Copyright reserved with","copyright_link":"#777777","copyright_link_hover_clr":"#ffffff","use_powered_by":false}},"1492424920625":{"type":"special","settings":{"title":"Bath & Beauty","collection":"bath-beauty"}},"cms-menu":{"type":"cms-menu","settings":{"text":"<p><a href=\"\/collections\/frontpage\" title=\"New Products\">new products<\/a><\/p>\n<p><a href=\"\/collections\/on-sale\" title=\"on sale\">specials<\/a><\/p>\n<p><a href=\"\/collections\/bestseller\" title=\"BestSeller\">bestseller<\/a><\/p>\n<p><a href=\"\/pages\/about-us\" title=\"About Us\">about us<\/a><\/p>\n<p><a href=\"\/blogs\/news\" title=\"News\">blog<\/a><\/p>\n<p><\/p>","callus":"123456789"}},"1528096723788":{"type":"featured","settings":{"title":"Women","num_prorow":"1","collection":"women","title_2":"Dresses","num_prorow1":"1","collection_2":"dresses","title_3":"Skirts","num_prorow2":"1","collection_3":"skirts"}},"site-nav":{"type":"site-nav","settings":{}},"newsletter":{"type":"newsletter","settings":{"image":"","heading":"newsletter","subheading":"wants to get latest updates ! sign up for free."}},"logo-bar":{"type":"logo-bar","blocks":{"1528957372009":{"type":"logo_image","settings":{"image":"","link":""}},"1528957435800":{"type":"logo_image","settings":{"image":"","link":""}},"1528957574833":{"type":"logo_image","settings":{"image":"","link":""}},"1528957585455":{"type":"logo_image","settings":{"image":"","link":""}},"1528957594315":{"type":"logo_image","settings":{"image":"","link":""}},"1528957604281":{"type":"logo_image","settings":{"image":"","link":""}},"1528957613048":{"type":"logo_image","settings":{"image":"","link":""}},"1528957621167":{"type":"logo_image","settings":{"image":"","link":""}},"1528957633382":{"type":"logo_image","settings":{"image":"","link":""}},"1528957644183":{"type":"logo_image","settings":{"image":"","link":""}}},"block_order":["1528957372009","1528957435800","1528957574833","1528957585455","1528957594315","1528957604281","1528957613048","1528957621167","1528957633382","1528957644183"],"settings":{}},"offerbanner":{"type":"offerbanner","blocks":{"1530970657666":{"type":"Image","settings":{"image":"","link":""}}},"block_order":["1530970657666"],"settings":{}},"1539596316855":{"type":"slideshow","blocks":{"1539596316855-0":{"type":"Image","settings":{"image":"shopify:\/\/shop_images\/1_5beea865-a767-4a28-b2ea-94b4f1d33cf8.png","link":"shopify:\/\/collections"}},"1539596344307":{"type":"Image","settings":{"image":"shopify:\/\/shop_images\/3_a96506cc-0760-4dc2-b3a0-3f32847b5834.png","link":"shopify:\/\/collections\/footwear"}},"image_rKwUx6":{"type":"Image","settings":{"image":"shopify:\/\/shop_images\/2_61fce126-e55a-4cdd-91a7-fc7d9b9f8447.png","link":"shopify:\/\/collections\/women"}}},"block_order":["1539596316855-0","1539596344307","image_rKwUx6"],"settings":{}},"sidebar-category":{"type":"sidebar-category","settings":{"enable_sidecategory":true,"linkedlist":"main-menu","linkedlist_title":"category"}},"1548392416461":{"type":"imgbanner","blocks":{"1548392416461-0":{"type":"Image","settings":{"image":"shopify:\/\/shop_images\/1_fd12e607-fa42-4b1f-9c5c-ff97757bcd66.png","link":"shopify:\/\/collections\/women"}}},"block_order":["1548392416461-0"],"settings":{}},"1548405889445":{"type":"offerbanner","blocks":{"1548405889445-0":{"type":"Image","settings":{"image":"shopify:\/\/shop_images\/Bag_Wallet_Category.png","link":"shopify:\/\/collections\/bag-wallet"}},"1548405899251":{"type":"Image","settings":{"image":"shopify:\/\/shop_images\/Jewelry_Watches_Category.png","link":"shopify:\/\/collections\/jewelry-watches"}}},"block_order":["1548405889445-0","1548405899251"],"settings":{}},"1548406252040":{"type":"service","settings":{"s_title":true,"header_gift":"24\/7 online support","header_giftd":"Elevate Your Shopping Experience with 24\/7 Online Support. Your satisfaction is our priority, available 24\/7.","sa_title":true,"header_pay":"money guarantee","header_payd":"Shop with Confidence! Your Purchase is Secure, and Your Money is Safeguarded – Trust in the safety of your transactions at Mahcart.","sb_title":true,"header_support":"big saving","header_supportd":"Dive into Big Savings at Mahcart – Where Deals Dance with Delight! Your ticket to incredible savings and shopping joy awaits!","sc_title":true,"header_ship":"free gift & voucher","header_shipd":"Unleash Free Gifts & Exclusive Vouchers – Your Ultimate Destination for Customer Rewards. Elevate your shopping with Mahcart's delightful surprises!"}},"1548408361711":{"type":"edition-banner","blocks":{"1548408361711-0":{"type":"Image","settings":{"image":"shopify:\/\/shop_images\/il_570xN.1553428135_1x7d.jpg","link":"shopify:\/\/products\/you-got-this-mug-inspirational-coffee-mug-funny-1591943170"}},"1548408373064":{"type":"Image","settings":{"image":"shopify:\/\/shop_images\/il_570xN.1554311043_grqt.jpg","link":"shopify:\/\/products\/yoga-mug-shut-down-do-yoga-yoga-gift-yogi-451880065"}},"1548408375594":{"type":"Image","settings":{"image":"shopify:\/\/shop_images\/il_570xN.1540817109_s6tf.jpg","link":"shopify:\/\/products\/halloween-decor-fall-gift-halloween-decorations-215068826"}},"1548408377368":{"type":"Image","settings":{"image":"shopify:\/\/shop_images\/ezgif-5-d73420b969.jpg","link":"shopify:\/\/products\/metal-rose-recycled-metal-rose-steel-rose-sculpture-welded-rose-art-steampunk-rose-forever-rose-unique-gift-modern-rustic-home-decor-1665908585"}},"1548408378844":{"type":"Image","settings":{"image":"shopify:\/\/shop_images\/il_570xN.1495982600_bjby.jpg","link":"shopify:\/\/products\/for-fox-sake-ceramic-coffee-mug-fox-coffee-342190488"}},"1548408482454":{"type":"Image","disabled":true,"settings":{"link":"shopify:\/\/products\/non-tellus-et-neque-dictum-congue"}}},"block_order":["1548408361711-0","1548408373064","1548408375594","1548408377368","1548408378844","1548408482454"],"settings":{"image":"shopify:\/\/shop_images\/GIFTS.png","title":"","link1":"shopify:\/\/collections\/gifts"}},"1548411280981":{"type":"leftbanner","blocks":{"1548411280981-0":{"type":"Image","settings":{"image":"shopify:\/\/shop_images\/2_4d720751-1473-4c36-8932-29de173d3875.png","link":"shopify:\/\/collections\/bath-beauty"}}},"block_order":["1548411280981-0"],"settings":{}},"1548413117996":{"type":"testimonial","blocks":{"1548413117996-0":{"type":"quote","settings":{"quote":"<p>Claritas est etiam processus dynamicus, qui sequitur mutationem consuetudium.Claritas est etiam processus dynamicus, qui sequitur mutationem consuetudium.<\/p>","author":"Jesica Wilson","developer":"webiarch"}},"1548413117996-1":{"type":"quote","settings":{"quote":"<p>Phasellus vehicula sapien vel faucibus ullamcorper. Vivamus elementum purus diam. Vestibulum congue nulla at risus tincidunt, vel malesuada dui vestibulum<\/p>","author":"john doe","developer":"webibazaar"}},"1548413117996-2":{"type":"quote","settings":{"quote":"<p>Donec laoreet, elit sed consequat consectetur, risus tortor euismod enim, pharetra finibus dolor lectus id neque. Morbi ac nisi a ante finibus scelerisque a quis es<\/p>","author":"Jesica Wilson","developer":"winter infotech"}}},"block_order":["1548413117996-0","1548413117996-1","1548413117996-2"],"settings":{}},"1548414349640":{"type":"toprated","settings":{"title":"BEST SELLERS","collection":"winning-products"}},"1548414440584":{"type":"logo-bar","blocks":{"1548414440584-0":{"type":"logo_image","settings":{"link":"shopify:\/\/products\/aliquam-et-orci-eget-odio-finibus-pulvina"}},"1548414440584-1":{"type":"logo_image","settings":{"link":"shopify:\/\/products\/lorem-mattis-accumsan-euismod"}},"1548414440584-2":{"type":"logo_image","settings":{"link":"shopify:\/\/products\/phasellus-vulputate-mollis-neque"}},"1548414440584-3":{"type":"logo_image","settings":{"link":"shopify:\/\/collections\/special-product"}},"1548418230007":{"type":"logo_image","settings":{"link":"shopify:\/\/products\/placerat-et-tempor-at-bibendum-ut-enim"}},"1548418244303":{"type":"logo_image","settings":{"link":"shopify:\/\/products\/vel-fermentum-nisl-metus-quis-nisl"}},"1548418260615":{"type":"logo_image","settings":{"link":"shopify:\/\/products\/rutrum-at-consectetur-quis-sodales-nec-mauris"}},"1548418278763":{"type":"logo_image","settings":{"link":"shopify:\/\/collections\/featured-product"}},"1548418294977":{"type":"logo_image","settings":{"link":"shopify:\/\/products\/quisque-sit-amet-sapien-fringilla-ante-rutrum-mattis"}},"1548418315467":{"type":"logo_image","settings":{"link":"shopify:\/\/products\/sagittis-vitae-magna-a-aliquet-mattis-turpis"}}},"block_order":["1548414440584-0","1548414440584-1","1548414440584-2","1548414440584-3","1548418230007","1548418244303","1548418260615","1548418278763","1548418294977","1548418315467"],"disabled":true,"settings":{}},"toprated_nAdykV":{"type":"toprated","settings":{"title":"Footwear","collection":"footwear"}}},"content_for_index":["1539596316855","1548392416461","1528096723788","1548405889445","1548406252040","1548414349640","1548408361711","1548411280981","1492424920625","1548413117996","1548414440584","toprated_nAdykV"],"blocks":{"6143736321357441667":{"type":"shopify:\/\/apps\/tidio-live-chat-chatbots\/blocks\/app-embed\/1002274d-fb18-4939-98f6-5f05a8deeadc","disabled":false,"settings":{}},"13057770590969753118":{"type":"shopify:\/\/apps\/instafeed-story\/blocks\/app-embed\/4169bff3-1d6b-44ad-9377-2ebc3d31f01c","disabled":false,"settings":{}},"13951170544780599758":{"type":"shopify:\/\/apps\/tapita-seo-speed\/blocks\/app-embed\/cd37ca7a-40ad-4fdc-afd3-768701482209","disabled":false,"settings":{}},"9814015155358121179":{"type":"shopify:\/\/apps\/avada-seo-suite\/blocks\/avada-seo\/15507c6e-1aa3-45d3-b698-7e175e033440","disabled":false,"settings":{}}}},"presets":{},"platform_customizations":{"custom_css":[]}}